-- phpMyAdmin SQL Dump
-- version 4.8.5
-- https://www.phpmyadmin.net/
--
-- Host: 127.0.0.1:3306
-- Generation Time: Oct 18, 2019 at 07:02 AM
-- Server version: 5.7.26
-- PHP Version: 7.2.18

SET SQL_MODE = "NO_AUTO_VALUE_ON_ZERO";
SET AUTOCOMMIT = 0;
START TRANSACTION;
SET time_zone = "+00:00";


/*!40101 SET @OLD_CHARACTER_SET_CLIENT=@@CHARACTER_SET_CLIENT */;
/*!40101 SET @OLD_CHARACTER_SET_RESULTS=@@CHARACTER_SET_RESULTS */;
/*!40101 SET @OLD_COLLATION_CONNECTION=@@COLLATION_CONNECTION */;
/*!40101 SET NAMES utf8mb4 */;

--
-- Database: `db_imd_aviation_inventory`
--

-- --------------------------------------------------------

--
-- Table structure for table `tb_inwards`
--

DROP TABLE IF EXISTS `tb_inwards`;
CREATE TABLE IF NOT EXISTS `tb_inwards` (
  `fd_inward_id` int(11) NOT NULL AUTO_INCREMENT,
  `fd_date` date NOT NULL,
  `fd_station_id` int(11) NOT NULL,
  `fd_item_id` int(11) NOT NULL,
  `fd_item_type_id` int(11) DEFAULT NULL,
  `fd_item_manufacturer_id` int(11) DEFAULT NULL,
  `fd_quantity` int(11) NOT NULL,
  `fd_rate` decimal(10,0) NOT NULL,
  `fd_mode_of_receiving` varchar(128) NOT NULL,
  `fd_remarks` varchar(256) NOT NULL,
  PRIMARY KEY (`fd_inward_id`)
) ENGINE=MyISAM AUTO_INCREMENT=351 DEFAULT CHARSET=latin1;

--
-- Dumping data for table `tb_inwards`
--

INSERT INTO `tb_inwards` (`fd_inward_id`, `fd_date`, `fd_station_id`, `fd_item_id`, `fd_item_type_id`, `fd_item_manufacturer_id`, `fd_quantity`, `fd_rate`, `fd_mode_of_receiving`, `fd_remarks`) VALUES
(1, '2017-07-12', 79, 10, 7, 0, 10, '0', 'By Hand', 'From Arjit Anjan'),
(2, '2017-07-24', 56, 3, 0, 0, 1, '0', 'By Post', ''),
(3, '2017-07-24', 56, 4, 0, 0, 1, '0', 'By Post', ''),
(4, '2017-07-27', 78, 4, 0, 0, 6, '0', 'By Hand', 'IMD Make from Store'),
(5, '2017-07-31', 8, 4, 0, 0, 1, '0', 'By Hand', 'From Hubli'),
(6, '2017-08-03', 80, 5, 0, 0, 1, '0', 'By Hand', 'Mr. Gajare'),
(7, '2017-08-03', 80, 2, 0, 0, 1, '0', 'By Hand', 'Mr. Gajare'),
(8, '2017-08-03', 78, 6, 2, 0, 2, '0', 'By Hand', 'From Workshop'),
(9, '2017-08-08', 40, 4, 0, 0, 1, '0', 'By Post', ''),
(10, '2017-08-08', 40, 3, 0, 0, 1, '0', 'By Post', ''),
(11, '2017-08-17', 78, 4, 0, 0, 6, '0', '', 'From Store (IMD Make)'),
(12, '2017-08-22', 81, 4, 0, 0, 1, '0', 'By Post', ''),
(13, '2017-09-06', 79, 7, 0, 0, 6, '0', '', ''),
(14, '2017-09-07', 80, 2, 0, 0, 1, '0', 'By Hand', 'Mr. Gajare'),
(15, '2017-09-07', 80, 5, 0, 0, 1, '0', 'By Hand', 'Mr. Gajare'),
(16, '2017-09-07', 78, 4, 3, 0, 5, '0', '', 'For Repair'),
(17, '2017-09-11', 82, 4, 0, 0, 1, '0', 'By Hand', 'For Repair'),
(18, '2017-09-11', 82, 3, 0, 0, 1, '0', 'By Hand', 'For Repair'),
(19, '2017-09-11', 82, 6, 0, 0, 1, '0', 'By Hand', 'For Repair'),
(20, '2017-10-10', 78, 8, 4, 0, 1, '0', '', '100 Mtr For Optical Anemometer'),
(21, '2017-11-16', 80, 3, 0, 0, 1, '0', 'By Hand', 'For changing RTC Cell, Front Flex Cover, On/Off Switch repair'),
(22, '2017-11-14', 78, 4, 0, 0, 1, '0', '', 'For Calicut'),
(23, '2017-11-16', 78, 4, 0, 0, 1, '0', '', 'For Port Blair'),
(24, '2017-11-15', 78, 9, 5, 0, 1, '0', '', 'For Shri Rakesh Kumar'),
(25, '2017-11-21', 80, 3, 0, 0, 1, '0', '', 'For Repair'),
(26, '2017-11-21', 80, 3, 0, 0, 5, '0', '', 'From Gajare'),
(27, '2017-11-24', 83, 3, 0, 0, 1, '0', '', 'Received by Sri SM Pawar Tech.Officer'),
(28, '2017-11-24', 83, 1, 1, 0, 1, '0', '', 'Received by Sri SM Pawar Tech.Officer'),
(29, '2017-11-24', 83, 10, 6, 1, 1, '0', '', 'Received by Sri SM Pawar Tech. Officer'),
(30, '2017-11-24', 19, 4, 0, 0, 2, '0', 'By Post', 'Defective Instrument'),
(31, '2017-11-24', 19, 1, 1, 0, 1, '0', 'By Post', 'Defective Instrument'),
(32, '2017-11-24', 19, 3, 0, 2, 1, '0', 'By Post', 'Defective Instrument'),
(33, '2017-12-12', 13, 3, 0, 2, 1, '0', 'By Post', 'Defective Instrument'),
(34, '2017-12-12', 13, 5, 0, 0, 1, '0', 'By Post', 'Defective Instrument'),
(35, '2017-12-12', 13, 1, 1, 0, 1, '0', 'By Post', 'Defective (with Adapter)'),
(36, '2017-12-12', 13, 1, 1, 0, 2, '0', 'By Post', 'Defective'),
(37, '2018-01-05', 78, 6, 2, 0, 2, '0', '', 'From Workshop'),
(38, '2018-01-09', 62, 4, 0, 0, 1, '0', '', 'Given to workshop for repair'),
(39, '2018-01-09', 12, 5, 0, 0, 2, '0', '', 'Defective'),
(40, '2018-01-09', 12, 1, 1, 0, 1, '0', '', 'Defective'),
(41, '2018-01-09', 12, 11, 0, 3, 2, '0', '', 'Defective'),
(42, '2018-01-09', 5, 4, 0, 0, 3, '0', '', 'Store to workshop for repair'),
(43, '2018-01-09', 5, 6, 2, 0, 4, '0', '', 'Store to workshop for repair'),
(44, '2018-01-09', 5, 11, 0, 3, 2, '0', '', ''),
(45, '2018-01-09', 5, 12, 0, 0, 1, '0', '', ''),
(46, '2018-01-09', 5, 13, 0, 0, 3, '0', '', ''),
(47, '2018-01-09', 62, 4, 0, 0, 1, '0', '', 'Store for repair in workshop'),
(48, '2018-01-09', 62, 3, 0, 0, 1, '0', '', ''),
(49, '2018-01-18', 5, 1, 0, 0, 1, '0', 'By Post', ''),
(50, '2018-01-18', 5, 14, 0, 0, 1, '0', '', ''),
(51, '2018-01-18', 5, 15, 0, 0, 1, '0', '', ''),
(52, '2018-01-18', 5, 16, 0, 0, 2, '0', '', ''),
(54, '2018-01-15', 78, 17, 0, 0, 2, '0', '', 'From store'),
(55, '2018-01-18', 44, 3, 0, 0, 2, '0', 'By Speed Post', ''),
(56, '2018-01-18', 5, 4, 8, 0, 2, '0', 'By Speed Post', 'defective'),
(57, '2018-02-01', 80, 5, 0, 0, 1, '0', 'By Hand', 'by Mr. Gajare'),
(58, '2018-02-01', 80, 3, 0, 0, 2, '0', '', ''),
(59, '2018-02-01', 80, 3, 11, 0, 15, '0', 'By Hand', 'BY Mr. Gajare'),
(60, '2018-02-08', 78, 4, 8, 0, 2, '0', 'By Hand', ''),
(61, '2018-02-08', 63, 12, 0, 0, 2, '0', '', 'receive from Diu airport'),
(62, '2018-02-09', 78, 19, 0, 9, 3, '0', '', ''),
(63, '2018-02-14', 78, 6, 12, 0, 3, '0', '', 'From workshop'),
(64, '2018-02-15', 78, 6, 12, 0, 2, '0', '', 'From workshop'),
(65, '2018-02-15', 84, 1, 1, 0, 1, '0', '', 'From ICGAS daman'),
(66, '2018-02-19', 78, 20, 0, 0, 1, '0', '', 'For kolkata'),
(67, '2018-02-19', 78, 4, 0, 0, 5, '0', '', 'For Agathi port blair'),
(68, '2018-02-21', 5, 21, 0, 0, 1, '0', '', ''),
(69, '2018-02-20', 78, 22, 0, 0, 1, '0', '', 'Defective'),
(70, '2018-02-20', 78, 4, 8, 0, 1, '0', '', 'Defective'),
(71, '2018-02-27', 78, 23, 0, 0, 11, '0', '', 'CC388 AD'),
(72, '2018-02-27', 78, 23, 0, 0, 5, '0', '', 'Q 2612 AF'),
(73, '2018-02-27', 78, 23, 0, 0, 1, '0', '', 'CE360A'),
(74, '2018-02-27', 78, 23, 0, 0, 1, '0', '', 'CE361A'),
(75, '2018-02-27', 78, 23, 0, 0, 1, '0', '', 'CE362A'),
(76, '2018-02-27', 78, 23, 0, 0, 1, '0', '', 'CE363A'),
(77, '2018-02-27', 78, 23, 0, 0, 2, '0', '', 'CE252A'),
(78, '2018-02-27', 78, 23, 0, 0, 2, '0', '', 'CE253A'),
(79, '2018-02-27', 78, 23, 0, 0, 2, '0', '', 'CE250A'),
(80, '2018-02-27', 78, 23, 0, 0, 2, '0', '', 'CE251A'),
(81, '2018-02-27', 78, 23, 0, 0, 2, '0', '', 'Q 5949A'),
(82, '2018-02-27', 78, 23, 0, 0, 1, '0', '', 'CE320A'),
(83, '2018-02-27', 78, 23, 0, 0, 1, '0', '', 'CE321A'),
(84, '2018-02-27', 78, 23, 0, 0, 1, '0', '', 'CE322A'),
(85, '2018-02-27', 78, 23, 0, 0, 1, '0', '', 'CE323A'),
(86, '2018-02-27', 78, 23, 0, 0, 2, '0', '', 'CE412AC'),
(87, '2018-02-27', 78, 23, 0, 0, 2, '0', '', 'CE413AC'),
(88, '2018-02-27', 78, 23, 0, 0, 2, '0', '', 'CE411AC'),
(89, '2018-02-27', 78, 23, 0, 0, 2, '0', '', 'CE410XC'),
(90, '2018-02-27', 78, 24, 0, 0, 20, '0', '', 'For ELAB'),
(91, '2018-02-27', 78, 25, 0, 0, 6, '0', '', ''),
(92, '2018-03-05', 78, 4, 0, 0, 5, '0', '', 'From Joshi Engineer'),
(93, '2018-03-12', 78, 26, 13, 0, 1, '0', '', 'Receive from Amit electronics CS & CO'),
(94, '2018-03-12', 78, 29, 14, 0, 1, '0', '', 'From shilpa electronics'),
(95, '2018-03-13', 80, 31, 0, 0, 4, '0', '', 'Mr. Gajare'),
(96, '2018-03-19', 78, 30, 15, 0, 2, '0', '', ''),
(97, '2018-03-19', 78, 30, 16, 0, 4, '0', '', ''),
(98, '2018-03-21', 76, 5, 0, 0, 1, '0', 'By Post', ''),
(99, '2018-03-21', 76, 13, 0, 0, 2, '0', 'By Hand', ''),
(100, '2018-04-17', 78, 4, 8, 0, 1, '0', '', ''),
(102, '2018-04-24', 78, 35, 0, 0, 5, '0', '', ''),
(103, '2018-04-26', 78, 36, 0, 0, 6, '0', '', ''),
(104, '2018-04-26', 78, 37, 0, 0, 4, '0', '', ''),
(105, '2018-04-26', 28, 34, 0, 0, 12, '0', '', 'Receive from palam N.delhi'),
(106, '2018-05-01', 79, 10, 7, 0, 1, '0', '', 'Hyderabad'),
(107, '2018-05-02', 78, 4, 0, 0, 1, '0', '', ''),
(108, '2018-05-09', 78, 4, 0, 0, 1, '0', '', 'for lengpui'),
(109, '2018-05-23', 78, 4, 0, 0, 2, '0', '', 'for kadapa and shirdi'),
(110, '2018-05-23', 78, 8, 22, 0, 1, '0', '', '100 mtr'),
(111, '2018-05-23', 78, 8, 23, 0, 1, '0', '', '100 mtr'),
(112, '2018-05-25', 78, 17, 0, 0, 1, '0', '', 'for kolhapur'),
(113, '2018-05-30', 78, 4, 0, 0, 2, '0', '', 'for calicuit'),
(114, '2018-05-10', 78, 6, 2, 0, 4, '0', '', 'from workshop'),
(115, '2018-06-07', 78, 4, 0, 0, 1, '0', '', 'from workshop'),
(116, '2018-06-18', 90, 2, 0, 0, 1, '0', 'By Hand', ''),
(117, '2018-06-18', 90, 5, 0, 0, 1, '0', 'By Hand', ''),
(118, '2018-06-15', 78, 4, 3, 0, 1, '0', 'By Hand', '80 mtr from accel system'),
(119, '2018-06-14', 78, 4, 8, 0, 3, '0', '', 'For bhubaneshwar from lucknow'),
(120, '2018-06-01', 78, 38, 0, 0, 9, '0', '', 'Receive from Sweden'),
(121, '2018-07-03', 13, 18, 10, 0, 1, '0', '', 'from store'),
(122, '2018-07-06', 13, 3, 0, 0, 1, '0', '', 'defective'),
(123, '2018-07-06', 13, 3, 0, 0, 1, '0', '', ''),
(124, '2018-07-12', 78, 39, 0, 0, 10, '0', '', ''),
(125, '2018-07-12', 78, 4, 0, 0, 2, '0', '', 'For Nagpur and porbandar'),
(126, '2018-07-13', 90, 4, 0, 0, 2, '0', 'By Hand', ''),
(127, '2018-07-13', 78, 6, 2, 0, 3, '0', '', 'workshop'),
(128, '2018-07-17', 78, 40, 0, 0, 1, '0', '', '450mtr'),
(129, '2018-07-17', 78, 4, 0, 0, 3, '0', '', 'from workshop'),
(130, '2018-07-18', 78, 6, 2, 0, 2, '0', '', 'from workshop'),
(131, '2018-07-16', 80, 5, 0, 0, 4, '0', '', 'Repair by mr.Gajare'),
(132, '2018-07-18', 80, 3, 0, 0, 5, '0', '', 'Repaired'),
(133, '2018-07-18', 91, 13, 0, 0, 1, '0', 'By Hand', 'Received by \r\nJaykumar RC'),
(134, '2018-07-18', 91, 1, 1, 0, 1, '0', 'By Hand', 'Received by \r\nJaykumar RC'),
(135, '2018-08-02', 23, 41, 24, 0, 1, '0', '', 'Date of supply\r\n19-4-1988'),
(136, '2018-08-02', 23, 41, 25, 0, 1, '0', '', 'Date of supply\r\n19-4-1988'),
(137, '2018-08-02', 92, 3, 0, 0, 1, '0', '', ''),
(138, '2018-08-02', 57, 3, 0, 0, 1, '0', '', ''),
(139, '2018-08-02', 93, 42, 0, 0, 1, '0', '', 'defective'),
(140, '2018-08-02', 93, 5, 0, 10, 1, '0', '', 'defective'),
(141, '2018-08-02', 93, 5, 0, 0, 2, '0', '', 'defective'),
(142, '2018-08-02', 93, 14, 0, 0, 1, '0', '', 'defective'),
(143, '2018-08-02', 93, 43, 0, 0, 1, '0', '', 'defective'),
(144, '2018-08-02', 93, 45, 0, 0, 2, '0', '', 'Defective'),
(145, '2018-08-02', 93, 34, 0, 12, 10, '0', '', 'defective'),
(146, '2018-08-02', 93, 46, 0, 0, 2, '0', '', 'DEFECTIVE'),
(147, '2018-08-02', 67, 4, 0, 0, 1, '0', '', 'Send to workshop\r\nfor repair'),
(148, '2018-08-02', 67, 6, 0, 0, 1, '0', '', 'Send to workshop\r\nfor repair'),
(149, '2018-08-03', 80, 47, 0, 0, 25, '0', '', 'From Mr. Gajare'),
(150, '2018-08-06', 78, 4, 0, 0, 2, '0', '', 'Joshi Engineer'),
(151, '2018-08-13', 78, 6, 2, 0, 2, '0', '', 'From store'),
(152, '2018-08-14', 78, 4, 0, 0, 2, '0', '', 'For workshop'),
(153, '2018-08-28', 78, 10, 7, 0, 9, '0', '', 'From store'),
(154, '2018-08-29', 78, 6, 2, 0, 2, '0', '', 'Workshop'),
(155, '2018-08-29', 76, 5, 0, 0, 1, '0', '', 'Store\r\n(defective)'),
(156, '2018-08-29', 76, 13, 0, 0, 1, '0', '', ''),
(157, '2018-08-29', 76, 34, 21, 0, 1, '0', '', ''),
(158, '2018-08-29', 78, 17, 0, 0, 1, '0', '', 'For sindhudurg'),
(159, '2018-09-05', 78, 17, 0, 0, 1, '0', '', 'For Hissar'),
(160, '2018-09-06', 80, 2, 0, 0, 2, '0', '', 'For Antartica purpose'),
(161, '2018-09-06', 80, 5, 0, 0, 2, '0', '', ''),
(162, '2018-09-25', 44, 1, 1, 0, 2, '0', '', 'Defective\r\nReceived from Imphal'),
(163, '2018-09-25', 44, 3, 0, 0, 1, '0', '', 'Defective\r\nReceived from Imphal'),
(164, '2018-09-29', 78, 34, 21, 0, 4, '0', '', 'from  khemchand'),
(165, '2018-10-01', 78, 30, 17, 0, 5, '0', '', '100 mtrs each'),
(166, '2018-10-01', 78, 30, 26, 0, 6, '0', '', 'from workshop'),
(167, '2018-10-03', 78, 17, 0, 0, 1, '0', '', 'from workshop'),
(168, '2018-10-03', 78, 17, 0, 0, 7, '0', '', 'from workshop'),
(169, '2018-10-04', 78, 4, 0, 0, 1, '0', '', 'from workshop'),
(170, '2018-10-12', 78, 6, 2, 0, 4, '0', '', 'from workshop'),
(171, '2018-10-15', 78, 3, 0, 0, 17, '0', '', 'Accel system'),
(172, '2018-10-15', 78, 1, 1, 0, 42, '0', '', 'Accel system'),
(174, '2018-10-16', 78, 49, 0, 0, 20, '0', '', 'for airforcre trainee in elab'),
(175, '2018-10-16', 78, 48, 0, 0, 20, '0', '', 'for airforcre trainee in elab'),
(176, '2018-10-17', 78, 4, 0, 0, 1, '0', '', 'for patana airport'),
(177, '2018-10-23', 78, 50, 0, 0, 2, '0', '', 'for A.B sakhare and pramod mhetere'),
(178, '2018-10-23', 78, 13, 0, 0, 16, '0', '', 'for  moxa company'),
(179, '2018-10-31', 78, 4, 0, 0, 1, '0', '', 'from w/s indore'),
(180, '2018-11-19', 80, 5, 0, 0, 12, '0', '', 'from Gajare'),
(181, '2018-11-19', 80, 1, 27, 0, 7, '0', '', 'defective'),
(182, '2018-11-28', 45, 3, 0, 0, 1, '0', '', 'defective\r\nfrom store'),
(184, '2018-12-03', 94, 51, 0, 13, 1, '0', 'By Hand', ''),
(185, '2018-12-03', 94, 17, 0, 0, 1, '0', 'By Hand', ''),
(186, '2018-12-17', 78, 4, 0, 0, 6, '0', 'By Hand', ''),
(187, '2018-12-17', 78, 4, 0, 0, 6, '0', 'By Hand', ''),
(188, '2019-01-07', 78, 4, 0, 0, 5, '0', 'By Hand', ''),
(189, '2019-01-14', 78, 26, 0, 0, 20, '0', 'By Hand', 'for art engineering made by sri joshi'),
(190, '2019-01-14', 13, 3, 0, 0, 3, '0', '', 'for repair'),
(191, '2019-01-14', 91, 5, 0, 0, 2, '0', '', 'for repairing'),
(192, '2019-01-14', 91, 2, 0, 0, 1, '0', '', 'for repairing'),
(193, '2019-01-14', 91, 13, 0, 0, 2, '0', '', 'for repairing'),
(194, '2019-02-28', 78, 8, 23, 0, 1, '0', '', '100mtr'),
(195, '2019-02-28', 78, 52, 28, 0, 1, '0', '', '100 mtrs'),
(196, '2019-03-06', 80, 4, 0, 0, 1, '0', '', 'for nagpur'),
(197, '2019-03-06', 78, 20, 29, 0, 1, '0', '', ''),
(198, '2019-03-06', 78, 18, 0, 0, 1, '0', '', 'for vijaywada'),
(199, '2019-03-06', 78, 20, 29, 0, 1, '0', '', 'for vijaywada'),
(200, '2019-03-03', 78, 53, 0, 0, 1, '0', '', 'for mumbai'),
(201, '2019-02-28', 76, 4, 0, 0, 1, '0', '', 'from khajuraho'),
(202, '2019-03-11', 81, 4, 0, 0, 1, '0', '', 'from tuticorin'),
(203, '2019-03-12', 33, 2, 0, 0, 1, '0', '', ''),
(204, '2019-03-12', 78, 4, 0, 0, 5, '0', '', 'from store'),
(205, '2019-03-13', 78, 4, 0, 0, 1, '0', '', 'for hyderabad'),
(206, '2019-03-13', 78, 4, 0, 0, 1, '0', '', 'for gondia'),
(207, '2019-04-12', 78, 6, 2, 0, 3, '0', '', 'from w/s'),
(208, '2019-04-24', 78, 6, 2, 0, 2, '0', '', 'from w/s'),
(209, '2019-04-30', 43, 3, 0, 0, 1, '0', 'By Hand', ''),
(210, '2019-04-30', 43, 1, 1, 0, 1, '0', 'By Hand', ''),
(211, '2019-04-30', 43, 4, 0, 0, 1, '0', 'By Hand', 'Defective'),
(212, '2019-04-30', 43, 6, 2, 0, 1, '0', 'By Hand', 'Defective'),
(213, '2019-05-02', 95, 3, 0, 0, 1, '0', '', ''),
(214, '2019-05-08', 80, 5, 0, 0, 2, '0', '', 'for installation of new software'),
(215, '2019-05-16', 9, 5, 0, 0, 1, '0', '', 'from store'),
(216, '2019-05-21', 78, 54, 0, 0, 5, '0', '', ''),
(217, '2019-05-27', 96, 55, 0, 0, 2, '0', '', 'from store'),
(218, '2019-05-27', 56, 43, 0, 0, 2, '0', '', 'from store'),
(219, '2019-05-28', 78, 6, 2, 0, 2, '0', '', 'from workshop'),
(220, '2019-06-03', 78, 56, 30, 0, 1, '0', '', ''),
(221, '2019-06-03', 78, 57, 0, 0, 1, '0', '', ''),
(222, '2019-06-03', 78, 58, 0, 0, 1, '0', '', ''),
(223, '2019-06-03', 78, 30, 0, 0, 1, '0', '', ''),
(224, '2019-06-03', 78, 59, 0, 0, 1, '0', '', ''),
(225, '2019-06-03', 78, 40, 0, 0, 1, '0', '', ''),
(226, '2019-06-03', 78, 60, 0, 0, 1, '0', '', ''),
(227, '2019-06-16', 15, 51, 0, 13, 1, '0', '', 'from store'),
(228, '2019-05-02', 78, 31, 0, 0, 2, '0', '', 'from MR. Gajare'),
(229, '2019-05-17', 78, 54, 0, 0, 5, '0', '', 'from MR. Gajare'),
(230, '2019-05-23', 78, 50, 0, 0, 1, '0', '', 'for Aurangabad Airport'),
(231, '2019-05-23', 78, 4, 0, 0, 1, '0', '', ''),
(232, '2019-05-26', 78, 46, 0, 0, 1, '0', '', 'For drishti power supply'),
(233, '2019-05-31', 78, 4, 0, 0, 3, '0', '', 'For drishti power supply'),
(234, '2019-05-31', 78, 20, 29, 0, 4, '0', '', ''),
(235, '2019-06-16', 78, 18, 0, 0, 3, '0', '', ''),
(236, '2019-06-14', 78, 18, 0, 0, 5, '0', '', 'for supply to myanmar airport'),
(237, '2019-06-19', 78, 20, 29, 0, 1, '0', '', 'for packingt'),
(238, '2019-07-02', 78, 61, 0, 0, 2, '0', '', 'for myanmar'),
(239, '2019-07-09', 78, 5, 0, 0, 1, '0', '', 'from gondiya'),
(240, '2019-07-09', 78, 3, 0, 0, 1, '0', '', 'from kozhikode'),
(241, '2019-07-10', 78, 4, 0, 0, 1, '0', '', 'for lengpui'),
(242, '2019-07-10', 78, 6, 2, 0, 5, '0', '', 'for Bhubaneshwar and elab'),
(243, '2019-07-11', 78, 4, 0, 0, 1, '0', '', 'For bhubaneshwar'),
(244, '2019-07-12', 78, 34, 0, 0, 30, '0', '', 'For Elab'),
(245, '2019-07-12', 78, 62, 0, 0, 1, '0', '', 'For Elab'),
(246, '2019-07-18', 78, 3, 0, 0, 1, '0', '', 'From coimbtor'),
(247, '2019-07-19', 78, 1, 1, 0, 1, '0', '', 'From kochi'),
(248, '2019-07-16', 78, 4, 0, 0, 2, '0', '', 'From workshop'),
(249, '2019-07-16', 78, 8, 23, 0, 1, '0', '', '700 mtr for windwane and anemometer'),
(250, '2019-07-17', 78, 4, 0, 0, 1, '0', '', 'For Agathi AMS'),
(251, '2019-07-18', 78, 4, 0, 0, 1, '0', '', 'For AMS Gaya'),
(252, '2019-07-18', 78, 4, 0, 0, 1, '0', '', 'For Patana'),
(253, '2019-07-19', 78, 5, 0, 0, 1, '0', '', 'From Bajpe Airport'),
(254, '2019-07-19', 78, 63, 0, 0, 1, '0', '', 'For Bajpe Airport'),
(255, '2019-07-19', 78, 34, 0, 0, 1, '0', '', 'For Bajpe Airport'),
(256, '2019-07-19', 78, 64, 0, 0, 3, '0', '', ''),
(260, '2019-07-22', 78, 65, 0, 0, 1, '0', '', 'for R M kambale'),
(259, '2019-07-19', 78, 60, 0, 0, 4, '0', '', 'For elab'),
(261, '2019-07-22', 78, 66, 0, 0, 1, '0', '', 'for Rakesh kumar elab'),
(262, '2019-07-30', 51, 5, 0, 0, 1, '0', 'By Hand', 'Mr. Sakhare'),
(263, '2019-07-30', 51, 2, 0, 0, 1, '0', 'By Hand', 'Mr. Sakhare'),
(264, '2019-07-30', 51, 1, 27, 0, 1, '0', 'By Hand', 'Mr. Sakhare'),
(265, '2019-07-30', 51, 10, 7, 0, 1, '0', 'By Hand', 'Mr. Sakhare'),
(266, '2019-07-20', 90, 10, 7, 0, 1, '0', 'By Hand', ''),
(267, '2019-07-20', 90, 1, 1, 0, 1, '0', 'By Hand', ''),
(268, '2019-07-20', 90, 2, 0, 0, 1, '0', 'By Hand', ''),
(269, '2019-07-20', 90, 4, 0, 0, 1, '0', 'By Hand', ''),
(270, '2019-07-18', 24, 31, 0, 0, 1, '0', '', 'Received for repair'),
(271, '2019-08-08', 76, 5, 0, 0, 1, '0', 'By Hand', ''),
(272, '2019-08-14', 90, 5, 0, 0, 2, '0', 'By Hand', 'Shri. Jecab'),
(273, '2019-08-14', 78, 5, 0, 0, 1, '0', 'By Hand', 'Defective'),
(274, '2019-08-26', 28, 16, 39, 0, 1, '0', '', 'Orange colour,old version'),
(275, '2019-08-26', 28, 16, 38, 0, 4, '0', '', 'Orange colour,old version'),
(276, '2019-08-26', 28, 1, 40, 0, 2, '0', '', 'Orange colour,old version'),
(277, '2019-08-28', 79, 7, 0, 0, 1, '0', '', 'For MC Gangtok'),
(278, '2019-08-23', 67, 3, 0, 0, 1, '0', 'By Hand', ''),
(279, '2019-07-19', 78, 60, 0, 0, 4, '0', 'By Hand', ''),
(280, '2019-07-26', 78, 4, 0, 0, 1, '0', '', 'For Nagpur'),
(281, '2019-08-06', 78, 4, 0, 0, 2, '0', '', 'For New Delhi'),
(282, '2019-08-21', 78, 4, 0, 0, 1, '0', '', 'For  Shirdi'),
(283, '2019-08-23', 78, 6, 2, 0, 2, '0', '', ''),
(284, '2019-08-29', 78, 60, 0, 0, 2, '0', '', 'For demo purpose in ELAB'),
(285, '2019-09-04', 78, 4, 0, 0, 1, '0', '', 'For Bhubaneshwar'),
(286, '2019-09-06', 78, 4, 0, 0, 1, '0', '', 'For Chennai'),
(287, '2019-09-06', 78, 4, 0, 0, 1, '0', '', 'HAL Banglore'),
(288, '2019-09-09', 78, 4, 0, 0, 1, '0', '', 'For Shirdi'),
(289, '2019-09-11', 78, 4, 0, 0, 1, '0', '', 'For Testing'),
(290, '2019-09-16', 78, 6, 2, 0, 1, '0', '', 'For Training  in Elab'),
(291, '2019-09-18', 78, 4, 0, 0, 1, '0', '', 'For Patna'),
(292, '2019-09-24', 56, 4, 0, 0, 1, '0', '', ''),
(293, '2019-09-24', 97, 4, 0, 0, 3, '0', '', ''),
(294, '2019-09-24', 82, 6, 0, 0, 1, '0', '', 'From INS hansa'),
(295, '2019-09-24', 82, 4, 0, 0, 1, '0', '', 'From INS hansa'),
(296, '2017-06-09', 55, 32, 18, 0, 1, '0', 'By Speed Post', ''),
(297, '2017-06-09', 55, 32, 19, 0, 1, '0', 'By Speed Post', ''),
(298, '2017-06-09', 55, 33, 0, 0, 1, '0', 'By Speed Post', ''),
(299, '2017-06-09', 85, 10, 20, 0, 1, '0', 'By Speed Post', 'Onto by Shri. P R Mhetre SA PR Rasal SA'),
(300, '2017-06-09', 59, 12, 0, 0, 2, '0', 'By Speed Post', ''),
(301, '2017-06-09', 85, 1, 1, 0, 1, '0', 'By Speed Post', ''),
(302, '2017-06-09', 85, 29, 14, 0, 1, '0', 'By Speed Post', ''),
(303, '2017-06-12', 68, 4, 0, 0, 1, '0', 'By Speed Post', ''),
(304, '2017-06-13', 8, 4, 0, 0, 1, '0', 'By Speed Post', ''),
(305, '2017-06-13', 86, 4, 0, 0, 1, '0', 'By Speed Post', ''),
(306, '2017-06-13', 23, 4, 0, 0, 1, '0', 'By Speed Post', ''),
(307, '2017-06-13', 59, 34, 21, 0, 2, '0', 'By Hand', 'With Shri ManishRanalkar'),
(308, '2017-06-13', 59, 12, 0, 0, 2, '0', 'By Hand', 'With Shri ManishRanalkar'),
(309, '2017-06-16', 88, 4, 0, 0, 1, '0', 'By Speed Post', ''),
(310, '2017-06-15', 85, 67, 0, 0, 1, '0', 'By Hand', 'Shri Dudhane'),
(311, '2017-06-21', 89, 6, 12, 0, 1, '0', 'By Hand', 'For Testing with R K Gaikwad'),
(312, '2017-06-23', 40, 4, 0, 0, 1, '0', 'By Speed Post', ''),
(313, '2017-06-22', 89, 29, 14, 0, 5, '0', 'By Hand', 'Yatin Bhosale'),
(314, '2017-06-28', 15, 4, 0, 0, 1, '0', 'By Speed Post', ''),
(315, '2017-07-04', 81, 4, 0, 0, 1, '0', 'By Speed Post', 'Flag - date problem'),
(316, '2017-07-04', 91, 10, 7, 0, 1, '0', 'By Speed Post', ''),
(317, '2017-07-04', 98, 4, 0, 0, 1, '0', '', 'By Tour Mr. RM Kamble Met \'A\''),
(318, '2017-07-04', 98, 6, 0, 0, 1, '0', '', ''),
(319, '2017-07-04', 98, 10, 7, 0, 1, '0', '', ''),
(320, '2017-07-04', 98, 51, 0, 0, 1, '0', '', ''),
(321, '2017-07-04', 98, 68, 41, 0, 2, '0', 'By Hand', 'Mr. P R Rasal'),
(322, '2017-07-04', 98, 67, 0, 0, 1, '0', 'By Hand', ''),
(323, '2017-07-04', 98, 13, 0, 0, 2, '0', 'By Hand', ''),
(324, '2017-07-04', 98, 2, 0, 0, 1, '0', '', ''),
(325, '2017-07-04', 98, 1, 27, 0, 1, '0', '', ''),
(326, '2017-07-04', 98, 1, 1, 0, 1, '0', '', ''),
(327, '2017-07-13', 51, 3, 0, 0, 1, '0', 'By Speed Post', ''),
(328, '2017-07-14', 33, 6, 2, 0, 1, '0', 'By Speed Post', ''),
(329, '2017-07-14', 33, 46, 0, 0, 1, '0', 'By Speed Post', ''),
(330, '2017-07-14', 89, 4, 0, 0, 15, '0', 'By Hand', 'Given to Shri. H S Mane'),
(331, '2017-07-14', 9, 4, 0, 0, 1, '0', 'By Hand', 'By S V Kadam and R B Sahar'),
(332, '2017-07-14', 9, 10, 20, 0, 2, '0', 'By Hand', 'By S V Kadam and R B Sahar'),
(333, '2017-07-14', 9, 34, 0, 0, 2, '0', 'By Hand', 'By S V Kadam and R B Sahar'),
(334, '2017-07-14', 40, 3, 0, 0, 1, '0', 'By Speed Post', ''),
(335, '2017-07-27', 13, 29, 14, 0, 2, '0', 'By Speed Post', ''),
(336, '2017-07-31', 55, 6, 0, 0, 1, '0', 'By Speed Post', ''),
(338, '2017-07-31', 55, 29, 0, 0, 2, '0', 'By Speed Post', ''),
(339, '2017-07-31', 55, 1, 40, 0, 2, '0', 'By Speed Post', ''),
(340, '2017-07-31', 55, 46, 0, 0, 2, '0', 'By Speed Post', ''),
(341, '2017-07-31', 7, 4, 0, 0, 1, '0', 'By Hand', 'Ravi Kamble,\r\nRavi More, Ravindra Patil'),
(342, '2017-07-31', 7, 6, 0, 0, 1, '0', 'By Hand', 'Ravi Kamble,\r\nRavi More, Ravindra Patil'),
(343, '2017-07-31', 7, 13, 0, 0, 2, '0', 'By Hand', 'Ravi Kamble,\r\nRavi More, Ravindra Patil'),
(344, '2017-07-31', 7, 2, 0, 0, 1, '0', 'By Hand', 'FLAG - DATE ISSUE \r\nRavi Kamble,\r\nRavi More, Ravindra Patil'),
(345, '2017-07-31', 7, 67, 0, 0, 1, '0', 'By Hand', 'Ravi Kamble,\r\nRavi More, Ravindra Patil'),
(346, '2017-07-31', 7, 34, 0, 0, 4, '0', 'By Hand', 'Ravi Kamble,\r\nRavi More, Ravindra Patil'),
(347, '2017-07-31', 7, 51, 0, 0, 1, '0', 'By Hand', 'Ravi Kamble,\r\nRavi More, Ravindra Patil'),
(348, '2017-07-31', 7, 1, 27, 0, 1, '0', 'By Hand', 'Ravi Kamble,\r\nRavi More, Ravindra Patil'),
(349, '2017-07-31', 7, 1, 1, 0, 1, '0', 'By Hand', 'Ravi Kamble,\r\nRavi More, Ravindra Patil'),
(350, '2017-07-31', 7, 10, 7, 0, 1, '0', 'By Hand', 'Ravi Kamble,\r\nRavi More, Ravindra Patil');

-- --------------------------------------------------------

--
-- Table structure for table `tb_items`
--

DROP TABLE IF EXISTS `tb_items`;
CREATE TABLE IF NOT EXISTS `tb_items` (
  `fd_item_id` int(11) NOT NULL AUTO_INCREMENT,
  `fd_name` varchar(128) NOT NULL,
  `fd_specification` varchar(255) NOT NULL,
  PRIMARY KEY (`fd_item_id`)
) ENGINE=MyISAM AUTO_INCREMENT=69 DEFAULT CHARSET=latin1 ROW_FORMAT=DYNAMIC;

--
-- Dumping data for table `tb_items`
--

INSERT INTO `tb_items` (`fd_item_id`, `fd_name`, `fd_specification`) VALUES
(1, 'Slave Display', 'Sea gate'),
(2, 'CWIS Data Logger', ''),
(3, 'DIWE Data Logger', ''),
(4, 'Opt. Anemometer', ''),
(5, 'CWIS Digitizer', ''),
(6, 'Windwane', ''),
(7, 'Travelling Standard Calibration Kit', ''),
(8, 'Shielded Cable', '100 Mtr'),
(9, 'Cartridge', ''),
(10, 'Sensor', ''),
(11, 'Modem', ''),
(12, 'Cable modem', ''),
(13, 'Ethernet converter', ''),
(14, 'Team link DL', ''),
(15, 'Accel ESR', ''),
(16, 'Metlog', 'Sea gate'),
(17, 'Whirling psychrometer', ''),
(18, 'Opt. Anemometer', ''),
(19, 'Wind speed sensor', ''),
(20, 'Stevenson screen', ''),
(21, 'CGA', ''),
(22, 'Self recording rainguage', ''),
(23, 'HP Toner', ''),
(24, 'Power cord', '230V ,5AMP Indian plug mains'),
(25, 'Araldite', '180 gms'),
(26, 'Connector', ''),
(27, 'Sleeves', '100 mtrs'),
(28, 'Luggs', ''),
(29, 'Servo pot', ''),
(30, 'Core cable', ''),
(31, 'HWSR Data logger', ''),
(32, 'CPU', ''),
(33, 'Monitor', ''),
(34, 'Wifi modem', ''),
(35, 'Field enclosure', ''),
(36, 'Full scape Rulled register', ''),
(37, 'Xerox paper reems', ''),
(38, 'Laser ceilometer', ''),
(39, 'USB to comport', ''),
(40, 'Packing tape', ''),
(41, 'Wind indicating pannel', ''),
(42, 'Converter real time', ''),
(43, 'Lan extender', ''),
(45, 'Data core line driver', ''),
(46, 'SMPS', ''),
(47, 'AC adaptor power supply', ''),
(48, 'Ball pen', ''),
(49, 'Notepad', ''),
(50, 'Digital Multimeter', ''),
(51, 'Pressure sensor', ''),
(52, 'Signal cable', ''),
(53, 'Ceilometer stand and pipe assembly set', ''),
(54, 'Thin computer', ''),
(55, 'Maxa converter with adapter', ''),
(56, 'SD card adapter', ''),
(57, 'Sd card sandsick', ''),
(58, 'solder gun + stsnd +wire+flux', ''),
(59, 'wire strippers', ''),
(60, 'converter', ''),
(61, 'Tool kit', ''),
(62, 'Tenda model', ''),
(63, 'DWIS convertor', ''),
(64, 'HP computer', 'with monitor'),
(65, 'Computer RAM', ''),
(66, 'Computer Hard disk', 'Sea gate'),
(67, 'Data Digitizer', ''),
(68, 'Radio Modem', '');

-- --------------------------------------------------------

--
-- Table structure for table `tb_item_manufacturers`
--

DROP TABLE IF EXISTS `tb_item_manufacturers`;
CREATE TABLE IF NOT EXISTS `tb_item_manufacturers` (
  `fd_item_manufacturer_id` int(11) NOT NULL AUTO_INCREMENT,
  `fd_item_id` int(11) NOT NULL,
  `fd_manufacturer` varchar(128) NOT NULL,
  `fd_dirty_bit` tinyint(4) NOT NULL,
  PRIMARY KEY (`fd_item_manufacturer_id`)
) ENGINE=MyISAM AUTO_INCREMENT=15 DEFAULT CHARSET=latin1;

--
-- Dumping data for table `tb_item_manufacturers`
--

INSERT INTO `tb_item_manufacturers` (`fd_item_manufacturer_id`, `fd_item_id`, `fd_manufacturer`, `fd_dirty_bit`) VALUES
(1, 10, 'Gill', 1),
(2, 3, 'ARKS', 1),
(3, 11, 'Engenious', 1),
(4, 12, '', 1),
(5, 13, '', 1),
(6, 14, '', 1),
(7, 15, '', 1),
(8, 16, '', 1),
(9, 19, 'Vaisala', 1),
(10, 5, 'Imd make', 1),
(12, 34, 'Engenious', 1),
(13, 51, 'Vaisala', 1);

-- --------------------------------------------------------

--
-- Table structure for table `tb_item_types`
--

DROP TABLE IF EXISTS `tb_item_types`;
CREATE TABLE IF NOT EXISTS `tb_item_types` (
  `fd_item_type_id` int(11) NOT NULL AUTO_INCREMENT,
  `fd_item_id` int(11) NOT NULL,
  `fd_type` varchar(128) NOT NULL,
  `fd_dirty_bit` tinyint(4) NOT NULL,
  PRIMARY KEY (`fd_item_type_id`)
) ENGINE=MyISAM AUTO_INCREMENT=42 DEFAULT CHARSET=latin1;

--
-- Dumping data for table `tb_item_types`
--

INSERT INTO `tb_item_types` (`fd_item_type_id`, `fd_item_id`, `fd_type`, `fd_dirty_bit`) VALUES
(1, 1, 'Mini', 1),
(2, 6, 'Pot', 1),
(3, 4, 'Mini', 1),
(4, 8, '6 Core', 1),
(5, 9, '12 A', 1),
(6, 10, 'Windsonic', 1),
(7, 10, 'TT/RH', 1),
(8, 4, 'New type', 1),
(9, 18, 'Mini', 1),
(10, 18, 'New type', 1),
(11, 3, 'New', 1),
(12, 6, 'Hall Effect', 1),
(13, 26, '6 way', 1),
(14, 29, '10k', 1),
(15, 30, '2', 1),
(16, 30, '4', 1),
(17, 30, '6', 1),
(18, 32, 'I-3', 1),
(19, 32, 'I-7', 1),
(20, 10, 'AT/RH', 1),
(21, 34, 'ENH202', 1),
(22, 8, '2 core', 1),
(23, 8, '4 core', 1),
(24, 41, 'Main', 1),
(25, 41, 'Slave', 1),
(26, 30, '8', 1),
(27, 1, 'Mega', 1),
(28, 52, 'Teflon', 1),
(29, 20, 'mini', 1),
(30, 56, 'micro', 1),
(31, 57, 'micro', 1),
(32, 58, '', 1),
(33, 59, '', 1),
(34, 60, '', 1),
(35, 61, '', 1),
(36, 62, '', 1),
(37, 63, '', 1),
(38, 16, '02', 1),
(39, 16, '03', 1),
(40, 1, 'CWIS', 1),
(41, 68, 'ENH202', 1);

-- --------------------------------------------------------

--
-- Table structure for table `tb_outwards`
--

DROP TABLE IF EXISTS `tb_outwards`;
CREATE TABLE IF NOT EXISTS `tb_outwards` (
  `fd_outward_id` int(11) NOT NULL AUTO_INCREMENT,
  `fd_date` date NOT NULL,
  `fd_station_id` int(11) NOT NULL,
  `fd_item_id` int(11) NOT NULL,
  `fd_item_type_id` int(11) NOT NULL,
  `fd_item_manufacturer_id` int(11) NOT NULL,
  `fd_quantity` int(11) NOT NULL,
  `fd_mode_of_dispatch` varchar(128) NOT NULL,
  `fd_remarks` varchar(256) NOT NULL,
  PRIMARY KEY (`fd_outward_id`)
) ENGINE=MyISAM AUTO_INCREMENT=20 DEFAULT CHARSET=latin1;

-- --------------------------------------------------------

--
-- Table structure for table `tb_serial_numbers`
--

DROP TABLE IF EXISTS `tb_serial_numbers`;
CREATE TABLE IF NOT EXISTS `tb_serial_numbers` (
  `fd_serial_number_id` int(11) NOT NULL AUTO_INCREMENT,
  `fd_transaction_id` int(11) NOT NULL,
  `fd_transaction_type` char(1) NOT NULL,
  `fd_serial_number` varchar(128) NOT NULL,
  PRIMARY KEY (`fd_serial_number_id`)
) ENGINE=MyISAM AUTO_INCREMENT=977 DEFAULT CHARSET=latin1;

--
-- Dumping data for table `tb_serial_numbers`
--

INSERT INTO `tb_serial_numbers` (`fd_serial_number_id`, `fd_transaction_id`, `fd_transaction_type`, `fd_serial_number`) VALUES
(1, 1, 'I', '02-002489'),
(2, 1, 'I', '02-002298'),
(3, 1, 'I', '02-002229'),
(4, 1, 'I', '02-002301'),
(5, 1, 'I', '02-002497'),
(6, 1, 'I', '02-002490'),
(7, 1, 'I', '02-002483'),
(8, 1, 'I', '02-002299'),
(9, 1, 'I', '02-002488'),
(10, 1, 'I', '02-002302'),
(11, 2, 'I', 'AS/UWL/0310/67'),
(12, 3, 'I', '142/03'),
(13, 4, 'I', '400/16'),
(14, 4, 'I', '399/16'),
(15, 4, 'I', '396/16'),
(16, 4, 'I', '387/16'),
(17, 4, 'I', '391/16'),
(18, 4, 'I', '393/16'),
(19, 5, 'I', '364/16'),
(20, 6, 'I', 'AS/DD/37'),
(21, 7, 'I', 'AS/DAS/37'),
(22, 8, 'I', '208/13'),
(23, 8, 'I', '185/09'),
(24, 9, 'I', '014/17'),
(25, 10, 'I', 'AS/UWL/23'),
(26, 11, 'I', '408/16'),
(27, 11, 'I', '403/16'),
(28, 11, 'I', '409/16'),
(29, 11, 'I', '392/16'),
(30, 11, 'I', '394/16'),
(31, 11, 'I', '401/16'),
(32, 12, 'I', '371/16'),
(33, 13, 'I', 'PDB016RHT992'),
(34, 13, 'I', 'PDB026RHT962'),
(35, 13, 'I', 'PDB023RHT971'),
(36, 13, 'I', 'PDB018RHT1010'),
(37, 13, 'I', 'PDB005RHT972'),
(38, 13, 'I', 'PDB042RHT996'),
(39, 14, 'I', 'AS/DAS/38'),
(40, 15, 'I', 'AS/DD/38'),
(41, 16, 'I', 'Nil'),
(42, 16, 'I', 'Nil'),
(43, 16, 'I', 'Nil'),
(44, 16, 'I', 'Nil'),
(45, 16, 'I', 'Nil'),
(46, 17, 'I', '334/13'),
(47, 18, 'I', 'AS/0712/16'),
(48, 19, 'I', 'Nil'),
(49, 20, 'I', 'Nil'),
(50, 21, 'I', 'AS/UWL/30'),
(51, 22, 'I', '407/16'),
(52, 23, 'I', '398/16'),
(53, 24, 'I', '7616A016/017'),
(54, 25, 'I', 'AS/UWL/30'),
(55, 26, 'I', 'AS/UWL/25'),
(56, 26, 'I', 'AS/UWL/26'),
(57, 26, 'I', 'AS/UWL/27'),
(58, 26, 'I', 'AS/UWL/28'),
(59, 26, 'I', 'AS/UWL/29'),
(60, 27, 'I', 'AS/0712/83'),
(61, 28, 'I', 'AS/MS-03/270'),
(62, 29, 'I', '15070089'),
(63, 30, 'I', '214/06'),
(64, 30, 'I', '322/13'),
(65, 31, 'I', 'AS/0110/114'),
(66, 32, 'I', '050114016'),
(67, 33, 'I', 'AS/1014/153'),
(68, 34, 'I', 'AS/DD/10'),
(69, 35, 'I', 'AS/MS-03/220'),
(70, 36, 'I', 'AS/MS/1012/02'),
(71, 36, 'I', 'AS/MS/06'),
(72, 37, 'I', '320/17'),
(73, 37, 'I', '321/17'),
(74, 38, 'I', '335/13'),
(75, 39, 'I', '0501140009'),
(76, 39, 'I', 'AS/VW/22'),
(77, 40, 'I', 'AS/MS/127'),
(78, 41, 'I', '14B260986'),
(79, 41, 'I', '14B261074'),
(80, 42, 'I', 'Nil'),
(81, 42, 'I', 'Nil'),
(82, 42, 'I', 'Nil'),
(83, 43, 'I', 'Nil'),
(84, 43, 'I', 'Nil'),
(85, 43, 'I', 'Nil'),
(86, 43, 'I', 'Nil'),
(87, 44, 'I', '116237058'),
(88, 44, 'I', '116237055'),
(89, 45, 'I', 'DL002/DDL-0025742/2/DD/12'),
(90, 46, 'I', 'UPG/SE-1000'),
(91, 46, 'I', 'AS/DD/09'),
(92, 46, 'I', 'AS/1E/DD/0813/53'),
(93, 47, 'I', '335/13'),
(94, 48, 'I', '05D114002'),
(95, 49, 'I', 'AS/PCD/01/2015'),
(96, 50, 'I', '04002525'),
(97, 51, 'I', 'ESR0303'),
(98, 52, 'I', 'AS/DAS0813/52'),
(99, 52, 'I', 'AS/DAS0813/53'),
(103, 54, 'I', '743/09'),
(102, 54, 'I', '729/09'),
(104, 55, 'I', 'AS/UWL/04'),
(105, 55, 'I', 'AS/0712/92'),
(106, 56, 'I', '010/17'),
(107, 56, 'I', 'Nil'),
(108, 57, 'I', 'AS/DD/10'),
(109, 58, 'I', 'AS/0112/89'),
(110, 58, 'I', 'AS/0712/81'),
(111, 59, 'I', 'AS/51'),
(112, 59, 'I', 'AS/52'),
(113, 59, 'I', 'AS/53'),
(114, 59, 'I', 'AS/54'),
(115, 59, 'I', 'AS/55'),
(116, 59, 'I', 'AS/56'),
(117, 59, 'I', 'AS/57'),
(118, 59, 'I', 'AS/58'),
(119, 59, 'I', 'AS/59'),
(120, 59, 'I', 'AS/60'),
(121, 59, 'I', 'AS/61'),
(122, 59, 'I', 'AS/62'),
(123, 59, 'I', 'AS/63'),
(124, 59, 'I', 'AS/64'),
(125, 59, 'I', 'AS/65'),
(126, 60, 'I', '26/17'),
(127, 60, 'I', '34/17'),
(128, 61, 'I', ''),
(129, 61, 'I', ''),
(130, 62, 'I', 'N4734009'),
(131, 62, 'I', 'N4734017'),
(132, 62, 'I', 'N4734010'),
(133, 63, 'I', '322/17'),
(134, 63, 'I', '323/17'),
(135, 63, 'I', '324/17'),
(136, 64, 'I', '325/17'),
(137, 64, 'I', '326/17'),
(138, 65, 'I', 'AS/MS3/200'),
(139, 66, 'I', 'Nil'),
(140, 67, 'I', '330/13'),
(141, 67, 'I', '318/13'),
(142, 67, 'I', '350/13'),
(143, 67, 'I', '107/03'),
(144, 67, 'I', '17/93'),
(145, 68, 'I', '66-01'),
(146, 69, 'I', '66-01'),
(147, 70, 'I', '06/16'),
(148, 71, 'I', 'Nil'),
(149, 71, 'I', 'Nil'),
(150, 71, 'I', 'Nil'),
(151, 71, 'I', 'Nil'),
(152, 71, 'I', 'Nil'),
(153, 71, 'I', 'Nil'),
(154, 71, 'I', 'Nil'),
(155, 71, 'I', 'Nil'),
(156, 71, 'I', 'Nil'),
(157, 71, 'I', 'Nil'),
(158, 71, 'I', 'Nil'),
(159, 72, 'I', 'Nil'),
(160, 72, 'I', 'Nil'),
(161, 72, 'I', 'Nil'),
(162, 72, 'I', 'Nil'),
(163, 72, 'I', 'Nil'),
(164, 73, 'I', 'Nil'),
(165, 74, 'I', 'Nil'),
(166, 75, 'I', 'Nil'),
(167, 76, 'I', 'Nil'),
(168, 77, 'I', 'Nil'),
(169, 77, 'I', 'Nil'),
(170, 78, 'I', 'Nil'),
(171, 78, 'I', 'Nil'),
(172, 79, 'I', 'Nil'),
(173, 79, 'I', 'Nil'),
(174, 80, 'I', 'Nil'),
(175, 80, 'I', 'Nil'),
(176, 81, 'I', 'Nil'),
(177, 81, 'I', 'Nil'),
(178, 82, 'I', 'Nil'),
(179, 83, 'I', 'Nil'),
(180, 84, 'I', 'Nil'),
(181, 85, 'I', 'Nil'),
(182, 86, 'I', 'Nil'),
(183, 86, 'I', 'Nil'),
(184, 87, 'I', 'Nil'),
(185, 87, 'I', 'Nil'),
(186, 88, 'I', 'Nil'),
(187, 88, 'I', 'Nil'),
(188, 89, 'I', 'Nil'),
(189, 89, 'I', 'Nil'),
(190, 90, 'I', 'Nil'),
(191, 90, 'I', 'Nil'),
(192, 90, 'I', 'Nil'),
(193, 90, 'I', 'Nil'),
(194, 90, 'I', 'Nil'),
(195, 90, 'I', 'Nil'),
(196, 90, 'I', 'Nil'),
(197, 90, 'I', 'Nil'),
(198, 90, 'I', 'Nil'),
(199, 90, 'I', 'Nil'),
(200, 90, 'I', 'Nil'),
(201, 90, 'I', 'Nil'),
(202, 90, 'I', 'Nil'),
(203, 90, 'I', 'Nil'),
(204, 90, 'I', 'Nil'),
(205, 90, 'I', 'Nil'),
(206, 90, 'I', 'Nil'),
(207, 90, 'I', 'Nil'),
(208, 90, 'I', 'Nil'),
(209, 90, 'I', 'Nil'),
(210, 91, 'I', 'Nil'),
(211, 91, 'I', 'Nil'),
(212, 91, 'I', 'Nil'),
(213, 91, 'I', 'Nil'),
(214, 91, 'I', 'Nil'),
(215, 91, 'I', 'Nil'),
(216, 92, 'I', '024/17'),
(217, 92, 'I', '032/17'),
(218, 92, 'I', '033/17'),
(219, 92, 'I', '036/17'),
(220, 92, 'I', '043/17'),
(221, 93, 'I', ''),
(222, 94, 'I', ''),
(223, 95, 'I', 'AS/HWSR/01'),
(224, 95, 'I', 'AS/HWSR/02'),
(225, 95, 'I', 'AS/HWSR/03'),
(226, 95, 'I', 'AS/HWSR/04'),
(227, 96, 'I', ''),
(228, 96, 'I', ''),
(229, 97, 'I', ''),
(230, 97, 'I', ''),
(231, 97, 'I', ''),
(232, 97, 'I', ''),
(233, 98, 'I', 'AS/DD/08'),
(234, 99, 'I', 'AS/DD/10'),
(235, 99, 'I', 'AS/DAS/10'),
(236, 100, 'I', '04517'),
(898, 304, 'I', '385/16'),
(899, 305, 'I', '380/16'),
(900, 306, 'I', '383/16'),
(901, 307, 'I', '165207952'),
(902, 307, 'I', '165201533'),
(903, 308, 'I', 'LDR 2292B16'),
(904, 308, 'I', 'LDR 2253B16'),
(897, 303, 'I', '381/16'),
(896, 302, 'I', '090916'),
(895, 301, 'I', 'AS/MS/-03/299'),
(894, 300, 'I', 'LDR2284B16'),
(893, 300, 'I', 'LDR2239B16'),
(892, 299, 'I', '02-002503'),
(891, 298, 'I', '6CM4511158'),
(890, 297, 'I', 'INA 449XBDX'),
(889, 296, 'I', 'INA 504 P32T'),
(273, 102, 'I', 'Nil'),
(272, 102, 'I', 'Nil'),
(271, 102, 'I', 'Nil'),
(270, 102, 'I', 'Nil'),
(269, 102, 'I', 'Nil'),
(274, 103, 'I', 'Nil'),
(275, 103, 'I', 'Nil'),
(276, 103, 'I', 'Nil'),
(277, 103, 'I', 'Nil'),
(278, 103, 'I', 'Nil'),
(279, 103, 'I', 'Nil'),
(280, 104, 'I', 'Nil'),
(281, 104, 'I', 'Nil'),
(282, 104, 'I', 'Nil'),
(283, 104, 'I', 'Nil'),
(284, 105, 'I', 'Nil'),
(285, 105, 'I', 'Nil'),
(286, 105, 'I', 'Nil'),
(287, 105, 'I', 'Nil'),
(288, 105, 'I', 'Nil'),
(289, 105, 'I', 'Nil'),
(290, 105, 'I', 'Nil'),
(291, 105, 'I', 'Nil'),
(292, 105, 'I', 'Nil'),
(293, 105, 'I', 'Nil'),
(294, 105, 'I', 'Nil'),
(295, 105, 'I', 'Nil'),
(296, 106, 'I', '02-002286'),
(297, 107, 'I', '312/13'),
(298, 108, 'I', '343/13'),
(299, 109, 'I', '346/13'),
(300, 109, 'I', '335/13'),
(301, 110, 'I', ''),
(302, 111, 'I', ''),
(303, 112, 'I', '753/09'),
(304, 113, 'I', '273/11'),
(305, 113, 'I', '214'),
(306, 114, 'I', '327/17'),
(307, 114, 'I', '328/17'),
(308, 114, 'I', '329/17'),
(309, 114, 'I', '330/17'),
(310, 115, 'I', '322/13'),
(311, 116, 'I', 'AS/DAS/04'),
(312, 117, 'I', 'AS/DD/36'),
(313, 118, 'I', ''),
(314, 119, 'I', '037/17'),
(315, 119, 'I', '038/17'),
(316, 119, 'I', '028/17'),
(317, 120, 'I', '2203'),
(318, 120, 'I', '2204'),
(319, 120, 'I', '2205'),
(320, 120, 'I', '2206'),
(321, 120, 'I', '2207'),
(322, 120, 'I', '2208'),
(323, 120, 'I', '2209'),
(324, 120, 'I', '2210'),
(325, 120, 'I', '2211'),
(326, 121, 'I', '45/17'),
(327, 122, 'I', 'AS/UWL/25'),
(328, 123, 'I', 'AS/UWL/0310/61'),
(329, 124, 'I', 'Nil'),
(330, 124, 'I', 'Nil'),
(331, 124, 'I', 'Nil'),
(332, 124, 'I', 'Nil'),
(333, 124, 'I', 'Nil'),
(334, 124, 'I', 'Nil'),
(335, 124, 'I', 'Nil'),
(336, 124, 'I', 'Nil'),
(337, 124, 'I', 'Nil'),
(338, 124, 'I', 'Nil'),
(339, 125, 'I', '382/16'),
(340, 125, 'I', '332/17'),
(341, 126, 'I', '001/17'),
(342, 126, 'I', '002/17'),
(343, 127, 'I', '336/17'),
(344, 127, 'I', '337/17'),
(345, 127, 'I', '338/17'),
(346, 128, 'I', ''),
(347, 129, 'I', '250/10'),
(348, 129, 'I', '66/01'),
(349, 129, 'I', '255/11'),
(350, 130, 'I', '339/17'),
(351, 130, 'I', '340/17'),
(352, 131, 'I', 'AS/DD/04/06'),
(353, 131, 'I', 'AS/DD/10'),
(354, 131, 'I', 'AS/DD/08'),
(355, 131, 'I', 'AS/DAS/04/02'),
(356, 132, 'I', 'AS/UWL/04'),
(357, 132, 'I', 'AS/0712/89'),
(358, 132, 'I', 'AS/UWL/22'),
(359, 132, 'I', 'AS/UWL/29'),
(360, 132, 'I', 'AS/UWL/0310/61'),
(361, 133, 'I', 'AS/DD/02'),
(362, 134, 'I', 'Nil'),
(363, 135, 'I', '157/87'),
(364, 136, 'I', '155/87'),
(365, 137, 'I', 'RS/1014/150'),
(366, 138, 'I', 'AS/UWL/10'),
(367, 139, 'I', '1124'),
(368, 140, 'I', 'AS/DD/0310/33'),
(369, 141, 'I', 'AS/DD/0310/33'),
(370, 141, 'I', 'AS/DD/0310/113'),
(371, 142, 'I', 'DL002532'),
(372, 143, 'I', 'TL-4P-LAN-LTQ 1329 AND 1327'),
(373, 144, 'I', 'LDR-2264B16'),
(374, 144, 'I', 'LDR-2266B16'),
(375, 145, 'I', '12732573'),
(376, 145, 'I', '154292574'),
(377, 145, 'I', '127422797'),
(378, 145, 'I', '166207946'),
(379, 145, 'I', '102318806'),
(380, 145, 'I', '807'),
(381, 145, 'I', '804'),
(382, 145, 'I', '803'),
(383, 145, 'I', '116237008'),
(384, 145, 'I', '165207926'),
(385, 146, 'I', 'HP7L0775'),
(386, 146, 'I', 'CWIS-1282243'),
(387, 147, 'I', '293/12'),
(388, 148, 'I', '220/13'),
(389, 149, 'I', 'Nil'),
(390, 149, 'I', 'Nil'),
(391, 149, 'I', 'Nil'),
(392, 149, 'I', 'Nil'),
(393, 149, 'I', 'Nil'),
(394, 149, 'I', 'Nil'),
(395, 149, 'I', 'Nil'),
(396, 149, 'I', 'Nil'),
(397, 149, 'I', 'Nil'),
(398, 149, 'I', 'Nil'),
(399, 149, 'I', 'Nil'),
(400, 149, 'I', 'Nil'),
(401, 149, 'I', 'Nil'),
(402, 149, 'I', 'Nil'),
(403, 149, 'I', 'Nil'),
(404, 149, 'I', 'Nil'),
(405, 149, 'I', 'Nil'),
(406, 149, 'I', 'Nil'),
(407, 149, 'I', 'Nil'),
(408, 149, 'I', 'Nil'),
(409, 149, 'I', 'Nil'),
(410, 149, 'I', 'Nil'),
(411, 149, 'I', 'Nil'),
(412, 149, 'I', 'Nil'),
(413, 149, 'I', 'Nil'),
(414, 150, 'I', '40/17'),
(415, 150, 'I', '42/17'),
(416, 151, 'I', '110/06'),
(417, 151, 'I', '288/16'),
(418, 152, 'I', '364/16'),
(419, 152, 'I', '137/03'),
(420, 153, 'I', '240'),
(421, 153, 'I', '241'),
(422, 153, 'I', '242'),
(423, 153, 'I', '243'),
(424, 153, 'I', '244'),
(425, 153, 'I', '245'),
(426, 153, 'I', '246'),
(427, 153, 'I', '248'),
(428, 153, 'I', '249'),
(429, 154, 'I', '341/17'),
(430, 154, 'I', '342/17'),
(431, 155, 'I', 'AS/DD/ANT/21'),
(432, 156, 'I', 'AS/DD/09'),
(433, 157, 'I', '165207923'),
(434, 158, 'I', '681-08'),
(435, 159, 'I', '720-8'),
(436, 160, 'I', 'AS/DAS/38'),
(437, 160, 'I', 'AS/DAS/39'),
(438, 161, 'I', 'AS/DD/13'),
(439, 161, 'I', 'AS/DD/14'),
(440, 162, 'I', 'AS/MS/1012/01'),
(441, 162, 'I', 'AS/MS/03/203'),
(442, 163, 'I', 'AS/0712/87'),
(443, 164, 'I', '16B217710'),
(444, 164, 'I', '16B217707'),
(445, 164, 'I', '16B217709'),
(446, 164, 'I', '16B217708'),
(447, 165, 'I', 'Nil'),
(448, 165, 'I', 'Nil'),
(449, 165, 'I', 'Nil'),
(450, 165, 'I', 'Nil'),
(451, 165, 'I', 'Nil'),
(452, 166, 'I', 'Nil'),
(453, 166, 'I', 'Nil'),
(454, 166, 'I', 'Nil'),
(455, 166, 'I', 'Nil'),
(456, 166, 'I', 'Nil'),
(457, 166, 'I', 'Nil'),
(458, 167, 'I', '07/18'),
(459, 168, 'I', '372/18'),
(460, 168, 'I', '674/08'),
(461, 168, 'I', '18/18'),
(462, 168, 'I', '26/18'),
(463, 168, 'I', '19/18'),
(464, 168, 'I', '22/18'),
(465, 168, 'I', '10/18'),
(466, 169, 'I', '324/18'),
(467, 170, 'I', '343/17'),
(468, 170, 'I', '344/17'),
(469, 170, 'I', '345/17'),
(470, 170, 'I', '346/17'),
(471, 171, 'I', 'AS/UWL-1018/201'),
(472, 171, 'I', 'AS/UWL-1018/202'),
(473, 171, 'I', 'AS/UWL-1018/203'),
(474, 171, 'I', 'AS/UWL-1018/204'),
(475, 171, 'I', 'AS/UWL-1018/205'),
(476, 171, 'I', 'AS/UWL-1018/206'),
(477, 171, 'I', 'AS/UWL-1018/207'),
(478, 171, 'I', 'AS/UWL-1018/208'),
(479, 171, 'I', 'AS/UWL-1018/209'),
(480, 171, 'I', 'AS/UWL-1018/210'),
(481, 171, 'I', 'AS/UWL-1018/211'),
(482, 171, 'I', 'AS/UWL-1018/212'),
(483, 171, 'I', 'AS/UWL-1018/213'),
(484, 171, 'I', 'AS/UWL-1018/214'),
(485, 171, 'I', 'AS/UWL-1018/215'),
(486, 171, 'I', 'AS/UWL-1017/41'),
(487, 171, 'I', 'AS/UWL-1017/42'),
(488, 172, 'I', 'AS/MS-03/301'),
(489, 172, 'I', 'AS/MS-03/302'),
(490, 172, 'I', 'AS/MS-03/303'),
(491, 172, 'I', 'AS/MS-03/304'),
(492, 172, 'I', 'AS/MS-03/305'),
(493, 172, 'I', 'AS/MS-03/306'),
(494, 172, 'I', 'AS/MS-03/307'),
(495, 172, 'I', 'AS/MS-03/308'),
(496, 172, 'I', 'AS/MS-03/309'),
(497, 172, 'I', 'AS/MS-03/310'),
(498, 172, 'I', 'AS/MS-03/311'),
(499, 172, 'I', 'AS/MS-03/312'),
(500, 172, 'I', 'AS/MS-03/313'),
(501, 172, 'I', 'AS/MS-03/314'),
(502, 172, 'I', 'AS/MS-03/315'),
(503, 172, 'I', 'AS/MS-03/316'),
(504, 172, 'I', 'AS/MS-03/317'),
(505, 172, 'I', 'AS/MS-03/318'),
(506, 172, 'I', 'AS/MS-03/319'),
(507, 172, 'I', 'AS/MS-03/320'),
(508, 172, 'I', 'AS/MS-03/321'),
(509, 172, 'I', 'AS/MS-03/322'),
(510, 172, 'I', 'AS/MS-03/323'),
(511, 172, 'I', 'AS/MS-03/324'),
(512, 172, 'I', 'AS/MS-03/325'),
(513, 172, 'I', 'AS/MS-03/326'),
(514, 172, 'I', 'AS/MS-03/327'),
(515, 172, 'I', 'AS/MS-03/328'),
(516, 172, 'I', 'AS/MS-03/329'),
(517, 172, 'I', 'AS/MS-03/330'),
(518, 172, 'I', 'AS/MS-03/331'),
(519, 172, 'I', 'AS/MS-03/332'),
(520, 172, 'I', 'AS/MS-03/333'),
(521, 172, 'I', 'AS/MS-03/334'),
(522, 172, 'I', 'AS/MS-03/335'),
(523, 172, 'I', 'AS/MS-03/336'),
(524, 172, 'I', 'AS/MS-03/337'),
(525, 172, 'I', 'AS/MS-03/338'),
(526, 172, 'I', 'AS/MS-03/339'),
(527, 172, 'I', 'AS/MS-03/340'),
(528, 172, 'I', 'AS/MS-03/341'),
(529, 172, 'I', 'AS/MS-03/342'),
(613, 177, 'I', 'Nil'),
(612, 176, 'I', '252/11'),
(611, 175, 'I', ''),
(610, 175, 'I', ''),
(609, 175, 'I', ''),
(608, 175, 'I', ''),
(607, 175, 'I', ''),
(606, 175, 'I', ''),
(605, 175, 'I', ''),
(604, 175, 'I', ''),
(603, 175, 'I', ''),
(602, 175, 'I', ''),
(601, 175, 'I', ''),
(600, 175, 'I', ''),
(599, 175, 'I', ''),
(598, 175, 'I', ''),
(597, 175, 'I', ''),
(596, 175, 'I', ''),
(595, 175, 'I', ''),
(594, 175, 'I', ''),
(593, 175, 'I', ''),
(592, 175, 'I', ''),
(591, 174, 'I', ''),
(590, 174, 'I', ''),
(589, 174, 'I', ''),
(588, 174, 'I', ''),
(587, 174, 'I', ''),
(586, 174, 'I', ''),
(585, 174, 'I', ''),
(584, 174, 'I', ''),
(583, 174, 'I', ''),
(582, 174, 'I', ''),
(581, 174, 'I', ''),
(580, 174, 'I', ''),
(579, 174, 'I', ''),
(578, 174, 'I', ''),
(577, 174, 'I', ''),
(576, 174, 'I', ''),
(575, 174, 'I', ''),
(574, 174, 'I', ''),
(573, 174, 'I', ''),
(572, 174, 'I', ''),
(614, 177, 'I', 'Nil'),
(615, 178, 'I', 'Nil'),
(616, 178, 'I', 'Nil'),
(617, 178, 'I', 'Nil'),
(618, 178, 'I', 'Nil'),
(619, 178, 'I', 'Nil'),
(620, 178, 'I', 'Nil'),
(621, 178, 'I', 'Nil'),
(622, 178, 'I', 'Nil'),
(623, 178, 'I', 'Nil'),
(624, 178, 'I', 'Nil'),
(625, 178, 'I', 'Nil'),
(626, 178, 'I', 'Nil'),
(627, 178, 'I', 'Nil'),
(628, 178, 'I', 'Nil'),
(629, 178, 'I', 'Nil'),
(630, 178, 'I', 'Nil'),
(631, 179, 'I', '404/16'),
(632, 180, 'I', 'AS/DD/38'),
(633, 180, 'I', 'AS/DD/39'),
(634, 180, 'I', 'AS/DD/40'),
(635, 180, 'I', 'AS/DD/41'),
(636, 180, 'I', 'AS/DD/42'),
(637, 180, 'I', 'AS/DD/43'),
(638, 180, 'I', 'AS/DD/44'),
(639, 180, 'I', 'AS/DD/45'),
(640, 180, 'I', 'AS/DD/46'),
(641, 180, 'I', 'AS/DD/47'),
(642, 180, 'I', 'AS/DD/48'),
(643, 180, 'I', 'AS/DD/49'),
(644, 181, 'I', 'AS/PSD/201'),
(645, 181, 'I', 'AS/PSD/202'),
(646, 181, 'I', 'AS/PSD/203'),
(647, 181, 'I', 'AS/PSD/204'),
(648, 181, 'I', 'AS/PSD/205'),
(649, 181, 'I', 'AS/PSD/206'),
(650, 181, 'I', 'AS/PSD/207'),
(651, 182, 'I', 'AS/0712/97'),
(653, 184, 'I', 'p0340631'),
(654, 185, 'I', '679/08'),
(655, 186, 'I', '421/18'),
(656, 186, 'I', '423/18'),
(657, 186, 'I', '426/18'),
(658, 186, 'I', '427/18'),
(659, 186, 'I', '428/18'),
(660, 186, 'I', '429/18'),
(661, 187, 'I', '421/18'),
(662, 187, 'I', '423/18'),
(663, 187, 'I', '426/18'),
(664, 187, 'I', '427/18'),
(665, 187, 'I', '428/18'),
(666, 187, 'I', '429/18'),
(667, 188, 'I', '410/18'),
(668, 188, 'I', '413/18'),
(669, 188, 'I', '415/18'),
(670, 188, 'I', '416/18'),
(671, 188, 'I', '4217/18'),
(672, 189, 'I', 'Nil'),
(673, 189, 'I', 'Nil'),
(674, 189, 'I', 'Nil'),
(675, 189, 'I', 'Nil'),
(676, 189, 'I', 'Nil'),
(677, 189, 'I', 'Nil'),
(678, 189, 'I', 'Nil'),
(679, 189, 'I', 'Nil'),
(680, 189, 'I', 'Nil'),
(681, 189, 'I', 'Nil'),
(682, 189, 'I', 'Nil'),
(683, 189, 'I', 'Nil'),
(684, 189, 'I', 'Nil'),
(685, 189, 'I', 'Nil'),
(686, 189, 'I', 'Nil'),
(687, 189, 'I', 'Nil'),
(688, 189, 'I', 'Nil'),
(689, 189, 'I', 'Nil'),
(690, 189, 'I', 'Nil'),
(691, 189, 'I', 'Nil'),
(692, 190, 'I', 'AS/UWL/203'),
(693, 190, 'I', 'AS/UWL/207'),
(694, 190, 'I', '050114003'),
(695, 191, 'I', 'AS/DD/24'),
(696, 191, 'I', 'AS/DD/12'),
(697, 192, 'I', 'AS/DAS/07'),
(698, 193, 'I', 'AS/DD/11'),
(699, 193, 'I', 'AS/DAS/02'),
(700, 194, 'I', ''),
(701, 195, 'I', ''),
(702, 196, 'I', '424/18'),
(703, 197, 'I', 'Nil'),
(704, 198, 'I', '418/18'),
(705, 199, 'I', 'Nil'),
(706, 200, 'I', 'Nil'),
(707, 201, 'I', '268/11'),
(708, 202, 'I', '390/16'),
(709, 203, 'I', 'AS/DD/031/44'),
(710, 204, 'I', '229/08'),
(711, 204, 'I', '414/18'),
(712, 204, 'I', '420/18'),
(713, 204, 'I', '425/18'),
(714, 204, 'I', '434/18'),
(715, 205, 'I', '431/18'),
(716, 206, 'I', '411/18'),
(717, 207, 'I', '348/17'),
(718, 207, 'I', '349/18'),
(719, 207, 'I', '350/18'),
(720, 208, 'I', '351/17'),
(721, 208, 'I', '352/17'),
(722, 209, 'I', 'Nil'),
(723, 210, 'I', 'Nil'),
(724, 211, 'I', 'AS/UWL/310/16'),
(725, 212, 'I', 'AS/MS/1108/99'),
(726, 213, 'I', 'AS/UWL/208'),
(727, 214, 'I', 'AS/DD/42'),
(728, 214, 'I', 'AS/DD/43'),
(729, 215, 'I', 'AS/DD/33'),
(730, 216, 'I', 'L300E89A7 14407036'),
(731, 216, 'I', 'L300E89A7 14406855'),
(732, 216, 'I', 'L300E89A7 14406881'),
(733, 216, 'I', 'L300E89A7 14403557'),
(734, 216, 'I', 'L300E89A7 144073457'),
(735, 217, 'I', 'TAHGE-1036153'),
(736, 217, 'I', 'TAHGE1036190'),
(737, 218, 'I', '151100044'),
(738, 218, 'I', '151100047'),
(739, 219, 'I', '353/17'),
(740, 219, 'I', '354/17'),
(741, 220, 'I', ''),
(742, 221, 'I', ''),
(743, 222, 'I', ''),
(744, 223, 'I', ''),
(745, 224, 'I', ''),
(746, 225, 'I', ''),
(747, 226, 'I', ''),
(748, 227, 'I', 'P0340637'),
(749, 228, 'I', 'AS/HL-p/55'),
(750, 228, 'I', 'AS/HL-P/56'),
(751, 229, 'I', 'Nil'),
(752, 229, 'I', 'Nil'),
(753, 229, 'I', 'Nil'),
(754, 229, 'I', 'Nil'),
(755, 229, 'I', 'Nil'),
(756, 230, 'I', 'Nil'),
(757, 231, 'I', 'Nil'),
(758, 232, 'I', 'Nil'),
(759, 233, 'I', '017/18'),
(760, 233, 'I', '430/18'),
(761, 233, 'I', '47/17'),
(762, 234, 'I', 'Nil'),
(763, 234, 'I', 'Nil'),
(764, 234, 'I', 'Nil'),
(765, 234, 'I', 'Nil'),
(766, 235, 'I', 'Nil'),
(767, 235, 'I', 'Nil'),
(768, 235, 'I', 'Nil'),
(769, 236, 'I', '444/19'),
(770, 236, 'I', '446/19'),
(771, 236, 'I', '437/19'),
(772, 236, 'I', '451/19'),
(773, 236, 'I', '438/19'),
(774, 237, 'I', 'Nil'),
(775, 238, 'I', ''),
(776, 238, 'I', ''),
(777, 239, 'I', 'AS/DD/46'),
(778, 240, 'I', 'AS/UWL/204'),
(779, 241, 'I', '211-05'),
(780, 242, 'I', '355/19'),
(781, 242, 'I', '356/19'),
(782, 242, 'I', '357/19'),
(783, 242, 'I', '358/19'),
(784, 242, 'I', '359/19'),
(785, 243, 'I', '453/19'),
(786, 244, 'I', 'Nil'),
(787, 244, 'I', 'Nil'),
(788, 244, 'I', 'Nil'),
(789, 244, 'I', 'Nil'),
(790, 244, 'I', 'Nil'),
(791, 244, 'I', 'Nil'),
(792, 244, 'I', 'Nil'),
(793, 244, 'I', 'Nil'),
(794, 244, 'I', 'Nil'),
(795, 244, 'I', 'Nil'),
(796, 244, 'I', 'Nil'),
(797, 244, 'I', 'Nil'),
(798, 244, 'I', 'Nil'),
(799, 244, 'I', 'Nil'),
(800, 244, 'I', 'Nil'),
(801, 244, 'I', 'Nil'),
(802, 244, 'I', 'Nil'),
(803, 244, 'I', 'Nil'),
(804, 244, 'I', 'Nil'),
(805, 244, 'I', 'Nil'),
(806, 244, 'I', 'Nil'),
(807, 244, 'I', 'Nil'),
(808, 244, 'I', 'Nil'),
(809, 244, 'I', 'Nil'),
(810, 244, 'I', 'Nil'),
(811, 244, 'I', 'Nil'),
(812, 244, 'I', 'Nil'),
(813, 244, 'I', 'Nil'),
(814, 244, 'I', 'Nil'),
(815, 244, 'I', 'Nil'),
(816, 245, 'I', ''),
(817, 246, 'I', 'AS/UWL/10310/57'),
(818, 247, 'I', 'EM-107/Tech-02/D-C'),
(819, 248, 'I', '419/18'),
(820, 248, 'I', '432/18'),
(821, 249, 'I', ''),
(822, 250, 'I', '055/17'),
(823, 251, 'I', '450/19'),
(824, 252, 'I', '441/19'),
(825, 253, 'I', 'AS/DD/07'),
(826, 254, 'I', 'AS/DRS/13'),
(827, 255, 'I', ''),
(828, 256, 'I', 'INA849V8D ICR90403NG'),
(830, 256, 'I', 'INA847TTIM ICR8510BDF'),
(831, 256, 'I', 'INA847TT11 ICR909025g'),
(842, 262, 'I', 'AS/DD/13'),
(841, 261, 'I', ''),
(840, 260, 'I', ''),
(836, 259, 'I', 'Nil'),
(837, 259, 'I', 'Nil'),
(838, 259, 'I', 'Nil'),
(839, 259, 'I', 'Nil'),
(843, 263, 'I', 'AS/DAS/02'),
(844, 264, 'I', 'Nil'),
(845, 265, 'I', '02-002489'),
(846, 266, 'I', '02-002435'),
(847, 267, 'I', 'AS/MS-03/309'),
(848, 268, 'I', 'AS/DAS/ANT/21'),
(849, 269, 'I', '335/13'),
(850, 270, 'I', 'AS/HWSR/02'),
(851, 271, 'I', 'AS/DAS/04/02'),
(852, 272, 'I', 'AS/DD/04/07'),
(853, 272, 'I', 'ASS/DD/10'),
(854, 273, 'I', 'AS/DD/04/08'),
(855, 274, 'I', 'Nil'),
(856, 275, 'I', 'Nil'),
(857, 275, 'I', 'Nil'),
(858, 275, 'I', 'Nil'),
(859, 275, 'I', 'Nil'),
(860, 276, 'I', 'Nil'),
(861, 276, 'I', 'Nil'),
(862, 277, 'I', 'MSB780X2.0 1703-1DTS-027 RHT175-2.0B 1701-NN-977'),
(863, 278, 'I', 'AS/UWL/204'),
(864, 279, 'I', 'Nil'),
(865, 279, 'I', 'Nil'),
(866, 279, 'I', 'Nil'),
(867, 279, 'I', 'Nil'),
(868, 280, 'I', 'Nil'),
(869, 281, 'I', 'Nil'),
(870, 281, 'I', 'Nil'),
(871, 282, 'I', 'Nil'),
(872, 283, 'I', '362/19'),
(873, 283, 'I', '363/19'),
(874, 284, 'I', 'SE-1000'),
(875, 284, 'I', 'Maxa model-N'),
(876, 285, 'I', '456/19'),
(877, 286, 'I', '461/19'),
(878, 287, 'I', '460/19'),
(879, 288, 'I', '440/19'),
(880, 289, 'I', '09/18'),
(881, 290, 'I', '364/19'),
(882, 291, 'I', '443/19'),
(883, 292, 'I', '345/13'),
(884, 293, 'I', '1200/95'),
(885, 293, 'I', '1813/09'),
(886, 293, 'I', '2018/13'),
(887, 294, 'I', 'Nil'),
(888, 295, 'I', 'Nil'),
(905, 309, 'I', '386/16'),
(906, 310, 'I', 'AS/DD/ANT/19'),
(907, 311, 'I', 'AS/HW/V/12'),
(908, 312, 'I', '384/17'),
(909, 313, 'I', '480916'),
(910, 313, 'I', '931016'),
(911, 313, 'I', '941016'),
(912, 313, 'I', '991016'),
(913, 313, 'I', '1001016'),
(914, 314, 'I', '016/17'),
(915, 315, 'I', '390/16'),
(916, 316, 'I', 'Nil'),
(917, 317, 'I', '019/17'),
(918, 318, 'I', '315/17'),
(919, 319, 'I', '02-002333'),
(920, 320, 'I', 'MS-B780X-20'),
(921, 321, 'I', '165207943'),
(922, 321, 'I', '165201528'),
(923, 322, 'I', 'AS/DD/24'),
(924, 323, 'I', 'AS/DD/06'),
(925, 323, 'I', 'AS/DAS/08'),
(926, 324, 'I', 'AS/DAS/ANT/19'),
(927, 325, 'I', 'AS/PSD/101'),
(928, 326, 'I', 'AS/MS-03/300'),
(929, 327, 'I', 'AS/UWL/13'),
(930, 328, 'I', '298/16'),
(931, 329, 'I', '1481508181'),
(932, 330, 'I', 'Nil'),
(933, 330, 'I', 'Nil'),
(934, 330, 'I', 'Nil'),
(935, 330, 'I', 'Nil'),
(936, 330, 'I', 'Nil'),
(937, 330, 'I', 'Nil'),
(938, 330, 'I', 'Nil'),
(939, 330, 'I', 'Nil'),
(940, 330, 'I', 'Nil'),
(941, 330, 'I', 'Nil'),
(942, 330, 'I', 'Nil'),
(943, 330, 'I', 'Nil'),
(944, 330, 'I', 'Nil'),
(945, 330, 'I', 'Nil'),
(946, 330, 'I', 'Nil'),
(947, 331, 'I', '397/16'),
(948, 332, 'I', '02-002490'),
(949, 332, 'I', '02-002301'),
(950, 333, 'I', '165207996'),
(951, 333, 'I', '165208000'),
(952, 334, 'I', 'AS/0115/160'),
(953, 335, 'I', '951016'),
(954, 335, 'I', '961016'),
(955, 336, 'I', '307/17'),
(957, 338, 'I', '691016'),
(958, 338, 'I', '701016'),
(959, 339, 'I', 'AS/MS-03/273'),
(960, 339, 'I', 'AS/MS-03/298'),
(961, 340, 'I', '1581508060'),
(962, 340, 'I', '1581508224'),
(963, 341, 'I', '018/17'),
(964, 342, 'I', '318/17'),
(965, 343, 'I', 'AS/DRS/07'),
(966, 343, 'I', ''),
(967, 344, 'I', 'AS/DAS/ANT/21'),
(968, 345, 'I', 'AS/DD/31'),
(969, 346, 'I', '165207894'),
(970, 346, 'I', '165207850'),
(971, 346, 'I', '165207893'),
(972, 346, 'I', '165207849'),
(973, 347, 'I', 'MSB 780X 1611-1-002'),
(974, 348, 'I', 'AS/PSD/128'),
(975, 349, 'I', 'AS/MS/03/287'),
(976, 350, 'I', 'K45-01102-002406');

-- --------------------------------------------------------

--
-- Table structure for table `tb_stations`
--

DROP TABLE IF EXISTS `tb_stations`;
CREATE TABLE IF NOT EXISTS `tb_stations` (
  `fd_station_id` int(11) NOT NULL AUTO_INCREMENT,
  `fd_rmc` varchar(128) NOT NULL,
  `fd_state` varchar(128) NOT NULL,
  `fd_type` varchar(128) NOT NULL,
  `fd_icao` varchar(128) NOT NULL,
  `fd_name` varchar(128) NOT NULL,
  `fd_email` varchar(128) NOT NULL,
  `fd_phone` varchar(10) NOT NULL,
  `fd_address` varchar(256) NOT NULL,
  `fd_incharge_name` varchar(128) NOT NULL,
  `fd_incharge_mobile` varchar(10) NOT NULL,
  PRIMARY KEY (`fd_station_id`)
) ENGINE=MyISAM AUTO_INCREMENT=99 DEFAULT CHARSET=latin1 COMMENT='To store details of stations';

--
-- Dumping data for table `tb_stations`
--

INSERT INTO `tb_stations` (`fd_station_id`, `fd_rmc`, `fd_state`, `fd_type`, `fd_icao`, `fd_name`, `fd_email`, `fd_phone`, `fd_address`, `fd_incharge_name`, `fd_incharge_mobile`) VALUES
(1, 'Chennai', 'Lakshadweep Islands', 'AMS', 'VOAT', 'Agathi', '', '', '', '', ''),
(2, 'Chennai', 'Karnataka', 'AMS', 'VODM', 'Belgaum', '', '', 'THE OFFICER IN CHARGE AIRPORT METEOROLOGICAL OFFICE BELGAUM AIRPORT, SAMBRE BELGAUM PIN: 591 124 KARNATAKA', '', ''),
(3, 'Chennai', 'Karnataka', 'AMO', 'VOBL', 'Bengaluru (Devanahalli)', '', '', 'SCIENTIST D MET. OBSERVATORY (IMD), KEMPE GOWDA INTERNATIONAL AIRPORT LTD., DEVANAHALI, BENGALURU KARNATAKA PIN: 562 110', '', ''),
(4, 'Chennai', 'Karnataka', 'AMS', 'VOBG', 'Bengaluru (HAL)', '', '', 'SCIENTIST D MET. OBSERVATORY (IMD), KEMPE GOWDA INTERNATIONAL AIRPORT LTD., DEVANAHALI, BENGALURU KARNATAKA PIN : 562 110', '', ''),
(5, 'Chennai', 'Tamil Nadu', 'AMO/MWO', 'VONN', 'Chennai', '', '', 'THE DIRECTOR METEOROLOGICAL OFFICE MEENAMBAKKA P.O. : CHENNAI AIRPORT PIN : 600 027', '', ''),
(6, 'Chennai', 'Tamil Nadu', 'AMS', 'VOCB', 'Coimbatore', '', '', 'THE OFFICER IN CHARGE METEOROLOGICAL OFFICE CIVIL AERODROME PEELAMEDU COIMBATORE DIST. : COIMBATORE PIN : 641 014 TAMIL NADU', '', ''),
(7, 'Chennai', 'Andhra Pradesh', 'AMS', 'VOBZ', 'Ganavaram', '', '', 'THE DIRECTOR METEOROLOGICAL OFFICE MEENAMBAKKA P.O. CHENNAI AIRPORT PIN : 600 027', '', ''),
(8, 'Chennai', 'Karnataka', 'AMS', 'VOHB', 'Hubli', '', '', 'THE OFFICER IN CHARGE METEOROLOGICAL OFFICE AIRPORT GOKUL ROAD HUBLI PIN : 580 030 KARNATAKA', '', ''),
(9, 'Chennai', 'Telangana', 'AMS', 'VOHY', 'Hyderabad (Begumpet)', '', '', 'THE DIRECTOR METEOROLOGICAL CENTRE AIRPORT COLONY, BEGUMPET P.O. HYDERABAD PIN : 500 016 ANDHRA PRADESH', '', ''),
(10, 'Chennai', 'Telangana', 'AMO', 'VOHS', 'Hyderabad (Shamshabad)', '', '', 'THE DIRECTOR METEOROLOGICAL CENTRE AIRPORT COLONY, BEGUMPET P.O. HYDERABAD PIN : 500 016 ANDHRA PRADESH', '', ''),
(11, 'Chennai', 'Andhra Pradesh', 'AMS', 'VOCP', 'Cuddapah Airport', '', '', ' THE PROF. DEPT. OF PHYSICS & HONORARY SUPERINTENDENT METEOROLOGICAL OBSERVATORY YOGI VEMANA UNIVERSITY CUDDAPAH DIST. : CUDDAPA', '', ''),
(12, 'Chennai', 'Kerala', 'AMS', 'VOCI', 'Kochi', '', '', 'THE SENIOR METEOROLOGICAL OFFICER METEOROLOGICAL OFFICE, I.N.S. GARUDA, NAVAL BASE, KOCHI PIN : 682 004 KERALA', '', ''),
(13, 'Chennai', 'Kerala', 'AMS', 'VOCL', 'Kozhikode', '', '', 'THE OFFICER IN CHARGE METEOROLOGICAL OBSERVATORY KOZHIKODE AIRPORT P.O. : KARIPUR DIST. : MALAPPURAM PIN : 673 647 KERALA', '', ''),
(14, 'Chennai', 'Tamil Nadu', 'AMS', 'VOMD', 'Madhurai', '', '', 'THE OFFICER IN-CHARGE AERODROME METEOROLOGICAL STATION(AMS) MADURAI AIRPORT PERUGUDI MADURAI-625022 TAMIL NADU', '', ''),
(15, 'Chennai', 'Karnataka', 'AMS', 'VOML', 'Mangalore', '', '', 'THE OFFICER IN CHARGE METEOROLOGICAL OFFICE CIVIL AIRPORT BAJPE P.O. MANGALORE DAKSHINA KANNADA PIN- 574 142 KARNATAKA', '', ''),
(16, 'Chennai', 'Karnataka', 'AMS', 'VOMY', 'Mysore', '', '', 'THE OFFICER INCHARGE AERODROME MET STATION MANDAKALLI AIRPORT MYSORE PIN: 571313 KARNATAKA ', '', ''),
(17, 'Chennai', 'Puducherry', 'AMS', 'VOPC', 'Pondicherry', '', '', 'THE OFFICER IN CHARGE METEOROLOGICAL OBSERVATORY AIRPORT ROAD LAWSPET PONDICHERRY-605008 TAMIL NADU', '', ''),
(18, 'Chennai', 'Andhra Pradesh', 'AMS', 'VORY', 'Rajahmundry', '', '', 'ON INDIA GOVERNMENT SERVICE', '', ''),
(19, 'Chennai', 'Tamil Nadu', 'AMS', 'VOSM', 'Salem', '', '', 'THE OFFICER IN CHARGE METEOROLOGICAL OBSERVATORY COLLECTOR OFFICE COMPOUND SALEM-636001 TAMIL NADU', '', ''),
(20, 'Chennai', 'Kerala', 'AMO', 'VOTV', 'Thiruvananthapuram', '', '', 'TO THE DIRECTOR IN CHARGE METEOROLOGICAL CENTRE OBSERVATORY HILL VIKAS BHAVAN PIN : 695 033', '', ''),
(21, 'Chennai', 'Tamil Nadu', 'AMS', 'VOTK', 'Tooticorin', '', '', 'THE MARINE SURVEYOUR & HONORARY SUPERINTENDENT METEOROLOGICAL OBSERVATORY MARINE SURVEY DEPARTMENT TUTICORIN NEW PORT (V O CHIDA', '', ''),
(22, 'Chennai', 'Tamil Nadu', 'AMS', 'VOTR', 'Tiruchirapalli', '', '', 'THE OFFICER IN CHARGE AERODROME METEOROLOGICAL STATION CIVIL AERODROME TIRUCHIRAPALLI-620007 TAMIL NADU', '', ''),
(23, 'Chennai', 'Andhra Pradesh', 'AMS', 'VOTP', 'Tirupathi', '', '', 'THE OFFICER IN CHARGE METEOROLOGICAL OFFICE TIRUPATHI AERODROME P.O. : RENIGUNTA TIRUPATHI DIST. : CHITTOOR PIN : 517 520 ANDHRA', '', ''),
(24, 'Chennai', 'Andhra Pradesh', 'AMS', 'VOVZ', 'Visakhapatnam', '', '', 'THE COMMANDING OFFICER INS DEGA NAD POST VISAKHAPATNAM-09 ANDHRA PRADESH', '', ''),
(25, 'Delhi', 'Punjab', 'AMS', 'VIAR', 'Amritsar', '', '', 'THE OFFICER IN CHARGE AIRPORT METEOROLOGICAL OFFICE SHRI GURU RAMDASJI INTERNATIONAL AIRPORT RAJASANSI AERODROME P.O. AMRITSAR P', '', ''),
(26, 'Delhi', 'Himachal Pradesh', 'AMS', 'VIBR', 'Bhuntar', '', '', '', '', ''),
(27, 'Delhi', 'Uttarakhand', 'AMS', 'VIDN', 'Dehradun', '', '', 'DIRECTOR METEOROLOGICAL CENTRE DEHRADUN SURVEY OF INDIA COMPOUND  17, E.C. ROAD - KARANPURA DEHRADUN  248 001 UTTARAKHAND', '', ''),
(28, 'Delhi', 'Delhi', 'AMO/MWO', 'VIDD', 'New Delhi (Palam)', '', '', 'THE DIRECTOR METEOROLOGICAL OFFICE NEW TECHNICAL AIR TRAFFIC INFORMATIONS SERVICES COMPLEX, NEAR TERMINAL II INDIRA GANDHI INTER', '', ''),
(29, 'Delhi', 'Uttar Pradesh', 'AMS', 'VIRB', 'Furstaganj', '', '', '', '', ''),
(30, 'Delhi', 'Rajasthan', 'AMO', 'VIJP', 'Jaipur', '', '', 'THE DIRECTOR METEOROLOGICAL CENTRE MAUSAM BHAWAN BUDHSINGHPURA SANGANER AIRPORT JAIPUR  302 011 RAJASTHAN', '', ''),
(31, 'Delhi', 'Himachal Pradesh', 'AMS', 'VIGG', 'Kangra', '', '', 'THE OFFICER IN CHARGE AERONAUTICAL METEOROLOGICAL STATION KANGRA AIRPORT (GAGGAL AIRPORT) DIST.: KANGRA PIN: 178 209 HIMACHAL PR', '', ''),
(32, 'Delhi', 'Rajasthan', 'AMS', 'VIKO', 'Kota', '', '', 'THE DIRECTOR METEOROLOGICAL OFFICE SAFDARJUNG AIRPORT P.O. NEW DELHI PIN : 110 003 NEW DELHI', '', ''),
(33, 'Delhi', 'Uttar Pradesh', 'AMO', 'VILK', 'Lucknow', '', '', 'THE DIRECTOR METEOROLOGICAL CENTRE PILOT BALLOON OBSERVATORY AMAUSIE AIRPORT - LUCKNOW LUCKNOW  226 009 UTTAR PRADESH', '', ''),
(34, 'Delhi', ' Punjab', 'AMS', 'VILD', 'Ludhiyana', '', '', '', '', ''),
(35, 'Delhi', 'Delhi', 'MWO', 'VIDP', 'New Delhi (Safdarjung)', '', '', 'THE DIRECTOR METEOROLOGICAL OFFICE SAFDARJUNG AIRPORT P.O. NEW DELHI PIN : 110 003 NEW DELHI', '', ''),
(36, 'Delhi', 'Uttarakhand', 'AMS', 'VIPT', 'Pantnagar', '', '', 'THE OFFICER IN CHARGE, AERODROME METEOROLOGICAL STATION, CIVIL AERODROME PANTNAGAR, DIST: UDHAM SINGH NAGAR, UTTARAKHAND, PIN: 2', '', ''),
(37, 'Delhi', 'Himachal Pradesh', 'AMS', 'VISN', 'Shimla', '', '', 'THE OFFICER IN CHARGE METEOROLOGICAL CENTRE INDIA METEOROLOGICAL DEPARTMENT BIBRA HOUSE CLIFFEND ESTATE P.O. SHIMLA PIN : 171 00', '', ''),
(38, 'Delhi', 'Rajasthan', 'AMS', 'VAUD', 'Udaipur', '', '', '', '', ''),
(39, 'Delhi', 'Uttar Pradesh', 'AMS', 'VIBN', 'Varanasi', '', '', 'THE OFFICER IN CHARGE METEOROLOGICAL OFFICE BABATPUR AERODROME PIN : 221 006 VARANASI UTTAR PRADESH', '', ''),
(40, 'Guwahati', 'Tripura', 'AMO', 'VEAT', 'Agartala', '', '', 'THE METEOROLOGIST IN CHARGE, METEOROLOGICAL OFFICE, AGARTALA AERODROME, P.O. AGARTALA, PIN - 799 009, TRIPURA', '', ''),
(41, 'Guwahati', 'Mizoram', 'AMS', 'VEAZ', 'Aizwal (Lengpui)', '', '', 'THE OFFICER IN CHARGE, METEOROLOGICAL OFFICE, LENGPUI AIRPORT, P.O. LENGPUI VIA AIZAWL, DIST  AIZAWL, MIZORAM', '', ''),
(42, 'Guwahati', 'Nagaland', 'AMS', 'VEMR', 'Dimapur', '', '', '', '', ''),
(43, 'Guwahati', 'Assam', 'AMO', 'VEGT', 'Guwahati', '', '', 'REGIONAL METEOROLOGICAL CENTRE, CIVIL AIRPORT  GUWAHATI, P.O. GUWAHATI AIRPORT, PIN  781015, ASSAM', '', ''),
(44, 'Guwahati', 'Manipur', 'AMS', 'VEIM', 'Imphal', '', '', 'THE OFFICER IN CHARGE, METEOROLOGICAL OFFICE, CIVIL AERODROME IMPHAL, P.O. IMPHAL (TULIHAL), PIN  795140, MANIPUR ', '', ''),
(45, 'Guwahati', 'Assam', 'AMO', 'VEMN', 'Mohanbari', '', '', 'THE METEOROLOGIST IN CHARGE, METEOROLOGICAL OFFICE, MOHANBARI AIRPORT, P.O. MOHANBARI, PIN : 786012, UPPER ASSAM', '', ''),
(46, 'Guwahati', 'Assam', 'AMS', 'VELR', 'North Lakhimpur', '', '', 'THE OFFICER IN CHARGE, METEOROLOGICAL OFFICE, CIVIL AERODROME  LILABARI, P.O. NORTH LAKHIMPUR, DIST  LAKHIMPUR, ASSAM', '', ''),
(47, 'Guwahati', 'Meghalaya', 'AMS', 'VEBI', 'Shillong (Barapan)', '', '', 'THE METEOROLOGIST IN CHARGE, CENRAL SEISMOLOGICAL OBSERVATORY, MEATH HOME SHILLONG, P.O. SHILLONG, PIN  793001, MEGHALAYA', '', ''),
(48, 'Guwahati', 'Tripura', 'AMS', 'VEKR', 'Kailashar', '', '', '', '', ''),
(49, 'Guwahati', 'Assam', 'AMS', 'VERE', 'Rupsi (Dubri)', '', '', '', '', ''),
(50, 'Kolkata', 'West Bengal', 'AMS', 'VEBD', 'Bagdongara', '', '', '', '', ''),
(51, 'Kolkata', 'Odisha', 'AMO', 'VEBS', 'Bhubaneshwar', '', '', 'THE DIRECTOR METEOROLOGICAL CENTRE CIVIL AERODROME P.O. BHUBANESWAR PIN : 751020 ODISHA', '', ''),
(52, 'Kolkata', 'West Bengal', 'AMS', 'VECO', 'Cooch Behar', '', '', '', '', ''),
(53, 'Kolkata', 'Bihar', 'AMS', 'VEGY', 'Gaya', '', '', 'THE OFFICER IN CHARGE METEOROLOGICAL OFFICE CIVIL AERODROME - GAYA P.O. & DIST. - GAYA PIN : 823 004 BIHAR.', '', ''),
(54, 'Kolkata', 'Jharkhand', 'AMS', 'VEJS', 'Jamshedpur', '', '', 'THE OFFICER IN CHARGE PILOT BALLOON OBSERVATORY JAMSHEDPUR AIRPORT(SONARI) JAMSHEDPUR  831 011 JHARKHAND', '', ''),
(55, 'Kolkata', 'West Bengal', 'MWO', 'VECC', 'Kolkata', '', '', 'REGIONAL TRAINING CENTRE REGIONAL METEOROLOGICAL CENTRE KOLKATA, AQ-8, MAHISH BATHAN, SECTOR-V, SALT LAKE, KOLKATA- 700091', '', ''),
(56, 'Kolkata', 'Bihar', 'AMO', 'VEPT', 'Patna', '', '', 'THE DIRECTOR,METEOROLOGICAL CENTRE CIVIL AERODROME PATNA  800 014 BIHAR.', '', ''),
(57, 'Kolkata', 'Jharkhand', 'AMS', 'VERC', 'Ranchi', '', '', 'THE METEOROLOGIST IN CHARGE METEOROLOGICAL OFFICE B.M. AIRPORT RANCHI  834 002 JHARKHAND', '', ''),
(58, 'Kolkata', 'Odisha', 'AMS', 'VEJH', 'Jharsuguda', '', '', '', '', ''),
(59, 'Mumbai', 'Gujarat', 'AMO', 'VAAH', 'Ahmedabad', '', '', 'THE DIRECTOR I/C, PILOT BALLOON OBSERVATORY, RS/RW BUILDING, METEOROLOGICAL OFFICE, CIVIL AERODROME, AHMEDABAD - 380 012, GUJARA', '', ''),
(60, 'Mumbai', 'Maharashtra', 'AMS', 'VAAU', 'Aurangabad (Chikalthana)', '', '', 'THE OFFICER-IN-CHARGE, PILOT BALLOON OBSERVATORY, CIVIL AERODROME, CHIKALTHANA-431 007, AURANGABAD, MAHARASHTRA', '', ''),
(61, 'Mumbai', 'Gujarat', 'AMS', 'VOBO', 'Vadodra', '', '', 'THE OFFICER IN CHARGE, METEOROLOGICAL OFFICE, CIVIL AERODROME, VADODARA - 390 022, GUJARAT', '', ''),
(62, 'Mumbai', 'Gujarat', 'AMS', 'VABV', 'Bhavnagar', '', '', 'THE OFFICER IN CHARGE, METEOROLOGICAL OFFICE, CIVIL AERODROME, BHAVNAGAR  364 001, DIST.  BHAVNAGAR, GUJARAT', '', ''),
(63, 'Mumbai', 'Diu and Daman', 'AMS', 'VADU', 'Diu', '', '', 'THE HEALTH OFFICER, HEALTH CENTRE & HONORARY SUPERINTENDENT, METEOROLOGICAL OBSERVATORY, P.O.DIU - 362 520, DIST. : JUNAGADH, GU', '', ''),
(64, 'Mumbai', 'Maharashtra', 'MWO', 'VABB', 'Mumbai', '', '', 'THE REGIONAL METEOROLOGICAL CENTRE, NEAR R.C. CHURCH, COLABA, MUMBAI- 400 005, MAHARASHTRA', '', ''),
(65, 'Mumbai', 'Maharashtra', 'AMS', 'VAJJ', 'Mumbai (Juhu)', '', '', '', '', ''),
(66, 'Mumbai', 'Maharashtra', 'AMS', 'VAND', 'Nanded', '', '', '', '', ''),
(67, 'Mumbai', 'Gujarat', 'AMS', 'VAPR', 'Porbandar', '', '', 'THE OFFICER IN CHARGE, METEOROLOGICAL OFFICE, CIVIL AERODROME, PORBANDAR  360 575, DIST.  PORBANDAR, GUJARAT', '', ''),
(68, 'Mumbai', 'Gujarat', 'AMS', 'VARK', 'Rajkot', '', '', 'THE OFFICER IN CHARGE, METEOROLOGICAL OFFICE, CIVIL AERODROME, RAJKOT -360 001, DIST  RAJKOT, GUJARAT', '', ''),
(69, 'Mumbai', 'Gujarat', 'AMS', 'VASU', 'Surat', '', '', 'THE OFFICER IN CHARGE, PILOT BALLOON OBSERVATORY, P.W.D. STORES CAMPUS, NEW MAGADALLA, SURAT- 395 007, GUJARAT', '', ''),
(70, 'Mumbai', 'Gujarat', 'AMS', 'VAKE', 'Kandla', '', '', 'THE OFFICER IN CHARGE, AIRPORT METEOROLOGICAL STATION, KANDLA AIRPORT, VIA GOPALPURI, P.O.: GALPADAR, GANDHIDHAM, DIST.: KUTCH, ', '', ''),
(71, 'Nagpur', 'Maharashtra', 'AMS', 'VAGD', 'Gondia', '', '', '', '', ''),
(72, 'Nagpur', 'Madhya Pradesh', 'AMO', 'VABP', 'Bhopal (Bairagarh)', '', '', 'THE OFFICER  IN CHARGE METEOROLOGICAL OFFICE CIVIL AERODROME - BAIRAGARH DIST. BHOPAL PIN : 462 030 MADHYA PRADESH', '', ''),
(73, 'Nagpur', 'Madhya Pradesh', 'AMS', 'VAID', 'Indore', '', '', 'THE OFFICER IN CHARGE METEOROLOGICAL OFFICE DEVI AHILYABAI HOLKAR AIRPORT, INDORE, CIVIL AERODROME INDORE PIN : 452 005 MADHYA PRADESH', '', ''),
(74, 'Nagpur', 'Madhya Pradesh', 'AMS', 'VAJV', 'Jabalpur', '', '', 'THE OFFICER IN CHARGE PILOT BALLOON OBSERVATORY ANAND NAGAR, ADHARTAL, KATNI ROAD, JABALPUR PIN : 482 004 MADHYA PRADESH', '', ''),
(75, 'Nagpur', 'Madhya Pradesh', 'AMS', 'VAKJ', 'Khajuraho', '', '', '', '', ''),
(76, 'Nagpur', 'Maharashtra', 'AMO', 'VANP', 'Nagpur', '', '', 'THE D.D.G.M. REGIONAL METEOROLOGICAL CENTRE SONEGAON AIRPORT NAGPUR PIN : 440 005 MAHARASHTRA', '', ''),
(77, 'Nagpur', 'Chattisgarh', 'AMS', 'VERP', 'Raipur', '', '', 'THE METEOROLOGIST IN CHARGE METEOROLOGICAL CENTRE BEHIND MMI HOSPITAL VILLAGE  LALPUR POST : DEVPURI DIST. : RAIPUR PIN : 492 001', '', ''),
(78, '', '', '', '', 'Store', '', '', '', '', ''),
(79, '', '', '', '', 'AWS', '', '', '', '', ''),
(80, '', '', '', '', 'Accel Systems', '', '', '', '', ''),
(81, '', '', '', '', 'Tuticorin', '', '', '', '', ''),
(82, '', '', '', '', 'INS HANSA C TO A', '', '', '', '', ''),
(83, '', '', '', '', 'R & D E (E) Kalas', '', '', 'Pune - 15', '', ''),
(84, 'Mumbai', 'Diu and Daman', '', '', 'Daman', '', '', '', '', ''),
(85, 'New Delhi', '', '', '', 'New Delhi', '', '', '', '', ''),
(86, '', '', '', '', 'Trichi', '', '', '', '', ''),
(87, '', '', '', '', 'Ahemdabad', '', '', '', '', ''),
(88, '', '', '', '', 'Port blair', '', '', '', '', ''),
(89, '', '', '', '', 'Workshop', '', '', '', '', ''),
(90, '', '', '', '', 'Shirdi', '', '', '', '', ''),
(91, '', '', '', '', 'Trivendrum', '', '', '', '', ''),
(92, '', '', '', '', 'Charbatia', '', '', '', '', ''),
(93, '', '', '', '', 'Banglore', '', '', '', '', ''),
(94, '', '', '', '', 'Kannur', '', '', '', '', ''),
(95, '', '', '', '', 'Kalikat', '', '', '', '', ''),
(96, '', '', '', '', 'cochin', '', '', '', '', ''),
(97, '', '', '', '', 'Kavali', '', '', '', '', ''),
(98, 'Delhi', 'Rajasthan', 'MO', '', 'Ajmer', '', '', 'THE OFFICER IN CHARGE, METEOROLOGICAL OBSERVATORY, CHANDERBERDEI NAGAR, TARAGARH ROAD, AJMER - 305003, RAJASTHAN', '', '');

-- --------------------------------------------------------

--
-- Table structure for table `tb_users`
--

DROP TABLE IF EXISTS `tb_users`;
CREATE TABLE IF NOT EXISTS `tb_users` (
  `fd_user_id` int(11) NOT NULL AUTO_INCREMENT,
  `fd_first_name` varchar(128) NOT NULL,
  `fd_last_name` varchar(128) NOT NULL,
  `fd_username` varchar(128) NOT NULL,
  `fd_password` char(60) NOT NULL,
  `fd_role` varchar(128) NOT NULL,
  PRIMARY KEY (`fd_user_id`)
) ENGINE=MyISAM AUTO_INCREMENT=2 DEFAULT CHARSET=latin1;

--
-- Dumping data for table `tb_users`
--

INSERT INTO `tb_users` (`fd_user_id`, `fd_first_name`, `fd_last_name`, `fd_username`, `fd_password`, `fd_role`) VALUES
(1, 'Admin', 'Admin', 'admin', '$2y$10$YhFDxAv/cZHNrtYHoi2vvuCzmV/1WUmloRIc.H0bG7EKeD2QvnJ.K', 'Administrator');
COMMIT;

/*!40101 SET CHARACTER_SET_CLIENT=@OLD_CHARACTER_SET_CLIENT */;
/*!40101 SET CHARACTER_SET_RESULTS=@OLD_CHARACTER_SET_RESULTS */;
/*!40101 SET COLLATION_CONNECTION=@OLD_COLLATION_CONNECTION */;
